qid,provenance_titles
30,The Hunger Games (novel)|The Very Hungry Caterpillar
45,Flag of the Netherlands
60,List of Tom and Jerry characters|War Dogs (1943 film)
108,Chinese alligator|Chinese dragon
180,Prince Constantijn of the Netherlands|Queen Máxima of the Netherlands
233,Central processing unit|John Vincent Atanasoff
235,Safe Haven (film)
261,Rio Bravo (film)
268,1980 Summer Olympics boycott|United States at the 2008 Summer Olympics
287,6B (Fringe)|Hamlet|Rosencrantz and Guildenstern Are Dead
307,Winnie-the-Pooh
352,Ashrita Furman|Guinness World Records
371,Agriculture in New Zealand
399,Hedgerows Regulations 1997|History of fire safety legislation in the United Kingdom
419,Harry Potter and the Deathly Hallows|Harry Potter and the Philosopher's Stone|Harry Potter and the Philosopher's Stone (film)|Harry Potter and the Prisoner of Azkaban
433,Galactic Empire (Star Wars)|Palpatine|Star Wars
444,Seattle Slew|Seattle Song
453,Coronary circulation|Left anterior descending artery|Left coronary artery
476,List of Boston Red Sox no-hitters
484,Routing table
486,Quantum Leap
496,Michigan Wolverines football|Michigan Wolverines men's basketball
518,In the Heat of the Night (TV series)
523,Robinson (name)
553,Pitch Perfect 2|Pitch Perfect 3
606,Julie Kavner
614,Alice Through the Looking Glass (2016 film)|Alice in Wonderland (2010 film)|Alice in Wonderland (2010 video game)|Keith Gordon
642,Kudzu|Kudzu in the United States
715,Canon of the Mass|Latin Mass|Tridentine Mass
753,Fiddler on the Roof|Fiddler on the Roof (film)
784,Metric system|SI base unit|SI derived unit|Unified Code for Units of Measure
861,Battle of Ypres|Battle of the Lys and the Escaut|First Battle of Artois
873,History of Scandinavia|List of shipwrecks in the 1st millennium|Viking expansion
891,Puerto Rico Electric Power Authority
937,Permanent members of the United Nations Security Council|United Nations Security Council
972,Jordan River
987,"Ponchatoula, Louisiana|Saint Malo, Louisiana|Spanish moss"
990,List of human anatomical features|List of human anatomical regions|Pelvis
1016,Wonder Woman|Wonder Woman (comic book)
1020,Damien (South Park)|Greatest Heavyweights|Michael Buffer|Taking the piss
1026,Mission Nuestra Señora de la Soledad|Mission Santa Barbara
1032,Continental drift|Timeline of the development of tectonophysics (after 1952)|Timeline of the development of tectonophysics (before 1954)
1048,"John Sainsbury, Baron Sainsbury of Preston Candover|Tesco|Tesco (disambiguation)"
1063,1948 World Series|2016 World Series
1065,Love & Hip Hop|Love & Hip Hop: New York
1071,800 metres at the Olympics|Muhammad Ali
1088,Emma Swan
1094,Angina|New York Heart Association Functional Classification
1114,English Language Proficiency Test|Test of English as a Foreign Language
1158,Hansen (surname)|Surname
1427,Bhanubhakta Ramayana|Ramayana
1463,What the World Needs Now Is Love
1466,Alzheimer's disease
1520,Winnie the Pooh (Disney character)|Winnie-the-Pooh
1527,Orcus|Pluto (mythology)|Saturn (mythology)
1626,Capital punishment in New York|Eddie Lee Mays|Nelson Rockefeller
1627,Naz Khialvi
1630,Pledge of Allegiance
1641,Daylight saving time|Daylight saving time in Canada
1661,Barney Miller (season 6)|Barney Miller (season 7)|Days Gone Bye (The Walking Dead)
1770,History of bottle recycling in the United States|Toilet (room)
1777,Oklahoma|San Juan Mountains|San Juan River (Colorado River tributary)
1785,Castle|Castles in Great Britain and Ireland
1799,East India Company|East India Company (disambiguation)
1859,Be Thankful for What You Got|Be Thankful for What You Got (album)|William DeVaughn discography
1874,Early impact of Mesoamerican goods in Iberian society|History of chocolate|History of chocolate in Spain
1875,1824 United States presidential election|1824 United States presidential election in Pennsylvania
1906,List of United States presidential elections by Electoral College margin|President of the United States|United States Electoral College
1916,1912 Ohio State Buckeyes football team|Big Ten Conference
1933,Nancy Cartwright|Nelson Muntz
1967,Red Dead Redemption
2064,"Tri-Cities, Washington"
2078,The Ten Commandments (1956 film)
2108,Mount Ruapehu
2134,Koch's postulates
2145,2019 Kansas City Chiefs season|Super Bowl LII|Super Bowl LII halftime show
2167,Deadpool 2
2172,Thorin Oakenshield
2226,Mélusine (novel)|The Novice (novel)|The Secrets of the Immortal Nicholas Flamel|The Tears of Artamon
2263,1998 in spaceflight|International Space Station|International Space Station program
2284,Cellular respiration|Respiratory system
2295,Financial management
2337,198889 Michigan Wolverines men's basketball team|List of Michigan Wolverines men's basketball head coaches|Michigan Wolverines men's basketball
2398,Iron ore mining in Western Australia
2404,Nicknames of Philadelphia|Philadelphia
2458,List of best-selling music artists|Record sales
2468,Sex and the City
2469,The Artist Toolbox|Traveling Wilburys
2495,Party leaders of the United States Senate
2501,Chlorofluorocarbon
2502,Boy Scouts of America
2504,History of laws concerning immigration and naturalization in the United States
2528,I Dig Rock and Roll Music
2531,History of New Brunswick|Jacques Cartier
2611,Star Destroyer
2632,From Russia with Love (soundtrack)|Production of the James Bond films
2633,Tyrann Mathieu
2665,1930 FIFA World Cup|FIFA World Cup hosts
2728,Maleficent (film)|Once Upon a Dream (Sleeping Beauty song)|Sleeping Beauty (1959 film)
2730,The Great Gatsby
2778,Grand Canyon|Provo Canyon
2781,File Transfer Protocol
2896,199899 Toronto Maple Leafs season|Toronto Maple Leafs|Toronto Maple Leafs (disambiguation)
2899,Encyclopedia of Recorded Sound|Music technology (electric)|North American Phonograph Company|Phonograph
3076,Kal Ho Naa Ho (song)
3081,Of Mice and Men|Of Mice and Men (play)
3095,The Detour (TV series)
3153,Santa Claus|Santa Claus: A Morality|Sinterklaas
3204,Genetics in fiction|Jacques Mering|James Watson (disambiguation)|Semiconservative replication
3224,Medicaid|Patient Protection and Affordable Care Act|Social Security Amendments of 1965
3258,Jonathan Cheban|Keeping Up with the Kardashians
3282,United Nations Conference on Sustainable Development
3310,Physical layer
3348,2018 FIFA World Cup
3362,Sagrada Família
3417,Archie Marries Veronica/Archie Marries Betty|Betty Cooper
3478,Imagine Dragons
3503,King Lear
3558,I Love Lucy|Richard Keith (actor)|Ricky Ricardo Jr.
3568,"List of Nicky, Ricky, Dicky & Dawn episodes|Nicky, Ricky, Dicky & Dawn"
3570,List of The Fall characters
3591,List of Pro Football Hall of Fame inductees|Madden NFL 19|Pro Football Hall of Fame
3606,Gossip Girl
3609,Comanche|Comanche history|Comanche language
