qid,arm,recall_at_10,presence_wb,provenance_at_10,presence_wb_on_gold_page,n_gold_titles,n_gold_titles_hit,judge_correct,idk_corrected,in_primary
30,mrl_512_sq8_np512,0.9,True,True,True,1,1,True,False,True
30,pca_uc_384_sq8_np512,0.9,True,True,True,1,1,True,False,True
30,pca_uc_512_sq8_np512,1.0,True,True,True,1,1,True,False,True
30,pq_np256,1.0,True,True,True,1,1,True,False,True
30,rabitq_np256,0.7,True,True,True,1,1,True,False,True
30,refine_np64,1.0,True,True,True,1,1,True,False,True
30,sq8_np16,1.0,True,True,True,1,1,True,False,True
30,sq8_np4,1.0,True,True,True,1,1,True,False,True
30,sq8_np512,0.9,True,True,True,1,1,True,False,True
30,sq8_np64,1.0,True,True,True,1,1,True,False,True
30,sq8_np8,1.0,True,True,True,1,1,True,False,True
45,mrl_512_sq8_np512,0.9,True,True,True,1,1,True,False,True
45,pca_uc_384_sq8_np512,1.0,True,True,True,1,1,True,False,True
45,pca_uc_512_sq8_np512,1.0,True,True,True,1,1,True,False,True
45,pq_np256,0.9,True,True,True,1,1,True,False,True
45,rabitq_np256,0.9,True,True,True,1,1,True,False,True
45,refine_np64,1.0,True,True,True,1,1,True,False,True
45,sq8_np16,1.0,True,True,True,1,1,True,False,True
45,sq8_np4,1.0,True,True,True,1,1,True,False,True
45,sq8_np512,1.0,True,True,True,1,1,True,False,True
45,sq8_np64,1.0,True,True,True,1,1,True,False,True
45,sq8_np8,1.0,True,True,True,1,1,True,False,True
60,mrl_512_sq8_np512,0.8,True,True,True,1,1,True,False,True
60,pca_uc_384_sq8_np512,1.0,True,True,True,1,1,True,False,True
60,pca_uc_512_sq8_np512,1.0,True,True,True,1,1,True,False,True
60,pq_np256,0.9,True,True,True,1,1,True,False,True
60,rabitq_np256,0.7,True,True,True,1,1,True,False,True
60,refine_np64,1.0,True,True,True,1,1,True,False,True
60,sq8_np16,1.0,True,True,True,1,1,True,False,True
60,sq8_np4,1.0,True,True,True,1,1,True,False,True
60,sq8_np512,1.0,True,True,True,1,1,True,False,True
60,sq8_np64,1.0,True,True,True,1,1,True,False,True
60,sq8_np8,1.0,True,True,True,1,1,True,False,True
108,mrl_512_sq8_np512,0.8,True,True,True,1,1,True,False,True
108,pca_uc_384_sq8_np512,0.9,True,True,True,1,1,True,False,True
108,pca_uc_512_sq8_np512,0.9,True,True,True,1,1,True,False,True
108,pq_np256,0.9,True,True,True,1,1,True,False,True
108,rabitq_np256,0.9,True,True,True,1,1,True,False,True
108,refine_np64,1.0,True,True,True,1,1,True,False,True
108,sq8_np16,1.0,True,True,True,1,1,True,False,True
108,sq8_np4,1.0,True,True,True,1,1,True,False,True
108,sq8_np512,1.0,True,True,True,1,1,True,False,True
108,sq8_np64,1.0,True,True,True,1,1,True,False,True
108,sq8_np8,1.0,True,True,True,1,1,True,False,True
180,mrl_512_sq8_np512,0.8,True,True,True,2,2,True,False,False
180,pca_uc_384_sq8_np512,0.8,False,True,False,2,2,True,False,False
180,pca_uc_512_sq8_np512,0.9,False,True,False,2,2,True,False,False
180,pq_np256,0.8,False,True,False,2,2,True,False,False
180,rabitq_np256,0.8,False,True,False,2,2,True,False,False
180,refine_np64,0.9,False,True,False,2,2,True,False,False
180,sq8_np16,1.0,False,True,False,2,2,True,False,False
180,sq8_np4,1.0,False,True,False,2,2,True,False,False
180,sq8_np512,1.0,False,True,False,2,2,True,False,False
180,sq8_np64,1.0,False,True,False,2,2,True,False,False
180,sq8_np8,1.0,False,True,False,2,2,True,False,False
233,mrl_512_sq8_np512,0.8,False,False,False,1,0,False,True,False
233,pca_uc_384_sq8_np512,0.9,False,False,False,1,0,False,True,False
233,pca_uc_512_sq8_np512,1.0,False,False,False,1,0,False,True,False
233,pq_np256,0.9,False,False,False,1,0,False,True,False
233,rabitq_np256,0.8,False,False,False,1,0,False,True,False
233,refine_np64,1.0,False,False,False,1,0,False,True,False
233,sq8_np16,1.0,False,False,False,1,0,False,True,False
233,sq8_np4,0.9,False,False,False,1,0,False,True,False
233,sq8_np512,1.0,False,False,False,1,0,False,True,False
233,sq8_np64,1.0,False,False,False,1,0,False,True,False
233,sq8_np8,0.9,False,False,False,1,0,False,True,False
235,mrl_512_sq8_np512,0.8,True,True,True,1,1,True,False,False
235,pca_uc_384_sq8_np512,0.8,True,True,True,1,1,True,False,False
235,pca_uc_512_sq8_np512,0.9,False,True,False,1,1,True,False,False
235,pq_np256,0.8,False,True,False,1,1,True,False,False
235,rabitq_np256,0.6,False,True,False,1,1,True,False,False
235,refine_np64,1.0,False,True,False,1,1,True,False,False
235,sq8_np16,0.9,False,True,False,1,1,True,False,False
235,sq8_np4,0.8,False,True,False,1,1,True,False,False
235,sq8_np512,1.0,False,True,False,1,1,True,False,False
235,sq8_np64,1.0,False,True,False,1,1,True,False,False
235,sq8_np8,0.9,False,True,False,1,1,True,False,False
261,mrl_512_sq8_np512,0.8,True,True,True,1,1,True,False,True
261,pca_uc_384_sq8_np512,0.9,True,True,True,1,1,True,False,True
261,pca_uc_512_sq8_np512,0.9,True,True,True,1,1,True,False,True
261,pq_np256,0.9,True,True,True,1,1,True,False,True
261,rabitq_np256,0.8,True,True,True,1,1,True,False,True
261,refine_np64,1.0,True,True,True,1,1,True,False,True
261,sq8_np16,0.9,True,True,True,1,1,False,True,True
261,sq8_np4,0.6,True,True,True,1,1,False,True,True
261,sq8_np512,1.0,True,True,True,1,1,True,False,True
261,sq8_np64,0.9,True,True,True,1,1,True,False,True
261,sq8_np8,0.6,True,True,True,1,1,False,True,True
268,mrl_512_sq8_np512,0.5,True,True,True,1,1,True,False,True
268,pca_uc_384_sq8_np512,0.7,True,True,True,1,1,True,False,True
268,pca_uc_512_sq8_np512,0.8,True,True,True,1,1,True,False,True
268,pq_np256,0.8,True,True,True,1,1,True,False,True
268,rabitq_np256,0.8,True,True,True,1,1,True,False,True
268,refine_np64,0.9,True,True,True,1,1,True,False,True
268,sq8_np16,1.0,True,True,True,1,1,True,False,True
268,sq8_np4,0.8,True,True,True,1,1,True,False,True
268,sq8_np512,1.0,True,True,True,1,1,True,False,True
268,sq8_np64,1.0,True,True,True,1,1,True,False,True
268,sq8_np8,0.9,True,True,True,1,1,True,False,True
287,mrl_512_sq8_np512,0.9,True,False,False,1,0,True,False,True
287,pca_uc_384_sq8_np512,0.9,True,False,False,1,0,True,False,True
287,pca_uc_512_sq8_np512,1.0,True,False,False,1,0,True,False,True
287,pq_np256,0.8,True,False,False,1,0,True,False,True
287,rabitq_np256,0.7,True,False,False,1,0,True,False,True
287,refine_np64,1.0,True,False,False,1,0,True,False,True
287,sq8_np16,0.9,True,False,False,1,0,True,False,True
287,sq8_np4,0.5,True,False,False,1,0,True,False,True
287,sq8_np512,1.0,True,False,False,1,0,True,False,True
287,sq8_np64,1.0,True,False,False,1,0,True,False,True
287,sq8_np8,0.6,True,True,True,1,1,True,False,True
307,mrl_512_sq8_np512,0.7,True,True,True,1,1,True,False,True
307,pca_uc_384_sq8_np512,0.8,True,True,True,1,1,True,False,True
307,pca_uc_512_sq8_np512,1.0,True,True,True,1,1,True,False,True
307,pq_np256,0.9,True,True,True,1,1,True,False,True
307,rabitq_np256,0.8,True,True,True,1,1,True,False,True
307,refine_np64,1.0,True,True,True,1,1,True,False,True
307,sq8_np16,1.0,True,True,True,1,1,True,False,True
307,sq8_np4,1.0,True,True,True,1,1,True,False,True
307,sq8_np512,1.0,True,True,True,1,1,True,False,True
307,sq8_np64,1.0,True,True,True,1,1,True,False,True
307,sq8_np8,1.0,True,True,True,1,1,True,False,True
352,mrl_512_sq8_np512,0.7,True,True,True,1,1,True,False,True
352,pca_uc_384_sq8_np512,0.9,True,True,True,1,1,True,False,True
352,pca_uc_512_sq8_np512,0.9,True,True,True,1,1,True,False,True
352,pq_np256,0.7,True,True,True,1,1,True,False,True
352,rabitq_np256,0.9,True,True,True,1,1,True,False,True
352,refine_np64,1.0,True,True,True,1,1,True,False,True
352,sq8_np16,0.9,True,True,True,1,1,True,False,True
352,sq8_np4,0.6,True,True,True,1,1,True,False,True
352,sq8_np512,1.0,True,True,True,1,1,True,False,True
352,sq8_np64,1.0,True,True,True,1,1,True,False,True
352,sq8_np8,0.8,True,True,True,1,1,True,False,True
371,mrl_512_sq8_np512,0.8,True,True,True,1,1,True,False,True
371,pca_uc_384_sq8_np512,0.9,True,True,True,1,1,True,False,True
371,pca_uc_512_sq8_np512,0.9,True,True,True,1,1,True,False,True
371,pq_np256,0.9,True,True,True,1,1,True,False,True
371,rabitq_np256,0.7,True,True,True,1,1,True,False,True
371,refine_np64,1.0,True,True,True,1,1,True,False,True
371,sq8_np16,1.0,True,True,True,1,1,True,False,True
371,sq8_np4,1.0,True,True,True,1,1,True,False,True
371,sq8_np512,1.0,True,True,True,1,1,True,False,True
371,sq8_np64,1.0,True,True,True,1,1,True,False,True
371,sq8_np8,1.0,True,True,True,1,1,True,False,True
399,mrl_512_sq8_np512,1.0,True,True,True,2,1,True,False,True
399,pca_uc_384_sq8_np512,1.0,True,True,True,2,1,True,False,True
399,pca_uc_512_sq8_np512,1.0,True,True,True,2,1,True,False,True
399,pq_np256,0.9,True,True,True,2,1,True,False,True
399,rabitq_np256,1.0,True,True,True,2,1,True,False,True
399,refine_np64,1.0,True,True,True,2,1,True,False,True
399,sq8_np16,1.0,True,True,True,2,1,True,False,True
399,sq8_np4,1.0,True,True,True,2,1,True,False,True
399,sq8_np512,1.0,True,True,True,2,1,True,False,True
399,sq8_np64,1.0,True,True,True,2,1,True,False,True
399,sq8_np8,1.0,True,True,True,2,1,True,False,True
419,mrl_512_sq8_np512,0.9,True,True,True,1,1,True,False,True
419,pca_uc_384_sq8_np512,0.9,True,True,True,1,1,True,False,True
419,pca_uc_512_sq8_np512,0.9,True,True,True,1,1,True,False,True
419,pq_np256,0.9,True,True,True,1,1,True,False,True
419,rabitq_np256,1.0,True,True,True,1,1,True,False,True
419,refine_np64,1.0,True,True,True,1,1,True,False,True
419,sq8_np16,0.9,True,True,True,1,1,True,False,True
419,sq8_np4,0.9,True,True,True,1,1,True,False,True
419,sq8_np512,0.9,True,True,True,1,1,True,False,True
419,sq8_np64,0.9,True,True,True,1,1,True,False,True
419,sq8_np8,0.9,True,True,True,1,1,True,False,True
433,mrl_512_sq8_np512,0.8,True,True,False,1,1,True,False,True
433,pca_uc_384_sq8_np512,1.0,True,True,False,1,1,True,False,True
433,pca_uc_512_sq8_np512,1.0,True,True,False,1,1,True,False,True
433,pq_np256,0.8,True,True,False,1,1,True,False,True
433,rabitq_np256,0.8,True,True,False,1,1,True,False,True
433,refine_np64,1.0,True,True,False,1,1,True,False,True
433,sq8_np16,1.0,True,True,False,1,1,True,False,True
433,sq8_np4,0.9,True,True,False,1,1,True,False,True
433,sq8_np512,1.0,True,True,False,1,1,True,False,True
433,sq8_np64,1.0,True,True,False,1,1,True,False,True
433,sq8_np8,1.0,True,True,False,1,1,True,False,True
444,mrl_512_sq8_np512,0.9,True,True,True,1,1,True,False,True
444,pca_uc_384_sq8_np512,0.9,True,True,True,1,1,True,False,True
444,pca_uc_512_sq8_np512,1.0,True,True,True,1,1,True,False,True
444,pq_np256,0.9,True,True,True,1,1,True,False,True
444,rabitq_np256,0.8,True,True,True,1,1,True,False,True
444,refine_np64,1.0,True,True,True,1,1,True,False,True
444,sq8_np16,1.0,True,True,True,1,1,True,False,True
444,sq8_np4,1.0,True,True,True,1,1,True,False,True
444,sq8_np512,1.0,True,True,True,1,1,True,False,True
444,sq8_np64,1.0,True,True,True,1,1,True,False,True
444,sq8_np8,1.0,True,True,True,1,1,True,False,True
453,mrl_512_sq8_np512,0.8,True,True,True,1,1,False,False,True
453,pca_uc_384_sq8_np512,0.8,True,True,True,1,1,False,False,True
453,pca_uc_512_sq8_np512,1.0,True,True,True,1,1,False,False,True
453,pq_np256,1.0,True,True,True,1,1,False,False,True
453,rabitq_np256,0.7,True,True,True,1,1,False,False,True
453,refine_np64,1.0,True,True,True,1,1,False,False,True
453,sq8_np16,1.0,True,True,True,1,1,False,False,True
453,sq8_np4,1.0,True,True,True,1,1,False,False,True
453,sq8_np512,1.0,True,True,True,1,1,False,False,True
453,sq8_np64,1.0,True,True,True,1,1,False,False,True
453,sq8_np8,1.0,True,True,True,1,1,False,False,True
476,mrl_512_sq8_np512,0.6,False,True,False,1,1,True,False,False
476,pca_uc_384_sq8_np512,0.9,False,True,False,1,1,True,False,False
476,pca_uc_512_sq8_np512,1.0,False,True,False,1,1,True,False,False
476,pq_np256,0.6,False,False,False,1,0,True,False,False
476,rabitq_np256,0.6,False,True,False,1,1,True,False,False
476,refine_np64,1.0,False,True,False,1,1,True,False,False
476,sq8_np16,1.0,False,True,False,1,1,True,False,False
476,sq8_np4,1.0,False,True,False,1,1,True,False,False
476,sq8_np512,1.0,False,True,False,1,1,True,False,False
476,sq8_np64,1.0,False,True,False,1,1,True,False,False
476,sq8_np8,1.0,False,True,False,1,1,True,False,False
484,mrl_512_sq8_np512,0.9,True,True,True,1,1,False,True,True
484,pca_uc_384_sq8_np512,0.9,True,True,True,1,1,False,True,True
484,pca_uc_512_sq8_np512,1.0,True,True,True,1,1,False,True,True
484,pq_np256,0.8,True,True,True,1,1,False,True,True
484,rabitq_np256,0.9,True,True,True,1,1,False,True,True
484,refine_np64,1.0,True,True,True,1,1,False,True,True
484,sq8_np16,1.0,True,True,True,1,1,False,True,True
484,sq8_np4,0.8,True,True,True,1,1,True,False,True
484,sq8_np512,1.0,True,True,True,1,1,False,True,True
484,sq8_np64,1.0,True,True,True,1,1,False,True,True
484,sq8_np8,1.0,True,True,True,1,1,False,True,True
486,mrl_512_sq8_np512,0.8,False,True,False,1,1,True,False,True
486,pca_uc_384_sq8_np512,0.9,True,True,False,1,1,True,False,True
486,pca_uc_512_sq8_np512,1.0,True,True,False,1,1,True,False,True
486,pq_np256,0.9,True,True,False,1,1,True,False,True
486,rabitq_np256,0.8,True,True,False,1,1,True,False,True
486,refine_np64,1.0,True,True,False,1,1,True,False,True
486,sq8_np16,0.9,True,True,False,1,1,True,False,True
486,sq8_np4,0.8,True,True,False,1,1,True,False,True
486,sq8_np512,1.0,True,True,False,1,1,True,False,True
486,sq8_np64,1.0,True,True,False,1,1,True,False,True
486,sq8_np8,0.9,True,True,False,1,1,True,False,True
496,mrl_512_sq8_np512,0.8,False,False,False,1,0,False,False,True
496,pca_uc_384_sq8_np512,1.0,True,True,False,1,1,False,False,True
496,pca_uc_512_sq8_np512,1.0,True,True,False,1,1,False,False,True
496,pq_np256,1.0,True,True,False,1,1,False,False,True
496,rabitq_np256,0.9,False,True,False,1,1,False,False,True
496,refine_np64,1.0,True,True,False,1,1,True,False,True
496,sq8_np16,1.0,True,True,False,1,1,False,False,True
496,sq8_np4,0.9,True,True,False,1,1,False,False,True
496,sq8_np512,1.0,True,True,False,1,1,False,False,True
496,sq8_np64,1.0,True,True,False,1,1,False,False,True
496,sq8_np8,0.9,True,True,False,1,1,False,True,True
518,mrl_512_sq8_np512,0.9,True,True,True,1,1,True,False,True
518,pca_uc_384_sq8_np512,0.9,True,True,True,1,1,True,False,True
518,pca_uc_512_sq8_np512,1.0,True,True,True,1,1,True,False,True
518,pq_np256,0.9,True,True,True,1,1,True,False,True
518,rabitq_np256,1.0,True,True,True,1,1,True,False,True
518,refine_np64,1.0,True,True,True,1,1,True,False,True
518,sq8_np16,0.9,True,True,True,1,1,True,False,True
518,sq8_np4,0.8,True,True,True,1,1,True,False,True
518,sq8_np512,1.0,True,True,True,1,1,True,False,True
518,sq8_np64,0.9,True,True,True,1,1,True,False,True
518,sq8_np8,0.9,True,True,True,1,1,True,False,True
523,mrl_512_sq8_np512,0.6,True,True,True,1,1,True,False,True
523,pca_uc_384_sq8_np512,0.8,True,True,True,1,1,True,False,True
523,pca_uc_512_sq8_np512,0.8,True,True,True,1,1,True,False,True
523,pq_np256,0.7,True,True,True,1,1,True,False,True
523,rabitq_np256,0.5,True,True,True,1,1,True,False,True
523,refine_np64,0.7,True,True,True,1,1,True,False,True
523,sq8_np16,0.5,True,True,True,1,1,True,False,True
523,sq8_np4,0.4,True,True,True,1,1,True,False,True
523,sq8_np512,0.8,True,True,True,1,1,True,False,True
523,sq8_np64,0.7,True,True,True,1,1,True,False,True
523,sq8_np8,0.5,True,True,True,1,1,False,True,True
553,mrl_512_sq8_np512,0.8,True,True,True,1,1,True,False,True
553,pca_uc_384_sq8_np512,1.0,True,True,True,1,1,True,False,True
553,pca_uc_512_sq8_np512,0.9,True,True,True,1,1,True,False,True
553,pq_np256,0.8,True,True,True,1,1,True,False,True
553,rabitq_np256,0.8,True,True,True,1,1,False,True,True
553,refine_np64,1.0,True,True,True,1,1,True,False,True
553,sq8_np16,1.0,True,True,True,1,1,True,False,True
553,sq8_np4,0.9,True,True,True,1,1,False,True,True
553,sq8_np512,1.0,True,True,True,1,1,True,False,True
553,sq8_np64,1.0,True,True,True,1,1,True,False,True
553,sq8_np8,1.0,True,True,True,1,1,True,False,True
606,mrl_512_sq8_np512,0.8,True,True,True,1,1,True,False,True
606,pca_uc_384_sq8_np512,0.9,True,True,True,1,1,True,False,True
606,pca_uc_512_sq8_np512,0.9,True,True,True,1,1,True,False,True
606,pq_np256,1.0,True,True,True,1,1,True,False,True
606,rabitq_np256,0.8,True,True,True,1,1,True,False,True
606,refine_np64,1.0,True,True,True,1,1,True,False,True
606,sq8_np16,1.0,True,True,True,1,1,True,False,True
606,sq8_np4,1.0,True,True,True,1,1,True,False,True
606,sq8_np512,1.0,True,True,True,1,1,True,False,True
606,sq8_np64,1.0,True,True,True,1,1,True,False,True
606,sq8_np8,1.0,True,True,True,1,1,True,False,True
614,mrl_512_sq8_np512,0.8,True,True,False,1,1,False,False,True
614,pca_uc_384_sq8_np512,0.9,True,True,False,1,1,False,False,True
614,pca_uc_512_sq8_np512,1.0,True,True,False,1,1,False,False,True
614,pq_np256,1.0,True,True,False,1,1,False,True,True
614,rabitq_np256,0.9,True,True,False,1,1,True,False,True
614,refine_np64,1.0,True,True,False,1,1,False,False,True
614,sq8_np16,1.0,True,True,False,1,1,False,False,True
614,sq8_np4,0.9,True,True,False,1,1,False,False,True
614,sq8_np512,1.0,True,True,False,1,1,False,False,True
614,sq8_np64,1.0,True,True,False,1,1,False,False,True
614,sq8_np8,0.9,True,True,False,1,1,False,False,True
642,mrl_512_sq8_np512,1.0,True,True,True,2,2,True,False,True
642,pca_uc_384_sq8_np512,1.0,True,True,True,2,2,True,False,True
642,pca_uc_512_sq8_np512,1.0,True,True,True,2,2,True,False,True
642,pq_np256,0.9,True,True,True,2,2,True,False,True
642,rabitq_np256,0.9,True,True,True,2,2,True,False,True
642,refine_np64,1.0,True,True,True,2,2,True,False,True
642,sq8_np16,1.0,True,True,True,2,2,True,False,True
642,sq8_np4,0.9,True,True,True,2,2,True,False,True
642,sq8_np512,1.0,True,True,True,2,2,True,False,True
642,sq8_np64,1.0,True,True,True,2,2,True,False,True
642,sq8_np8,1.0,True,True,True,2,2,True,False,True
715,mrl_512_sq8_np512,0.9,False,True,False,1,1,False,True,False
715,pca_uc_384_sq8_np512,1.0,False,True,False,1,1,False,False,False
715,pca_uc_512_sq8_np512,1.0,False,True,False,1,1,False,True,False
715,pq_np256,0.9,False,True,False,1,1,False,True,False
715,rabitq_np256,1.0,False,True,False,1,1,False,False,False
715,refine_np64,1.0,False,True,False,1,1,False,False,False
715,sq8_np16,1.0,False,True,False,1,1,False,False,False
715,sq8_np4,1.0,False,True,False,1,1,False,False,False
715,sq8_np512,1.0,False,True,False,1,1,False,False,False
715,sq8_np64,1.0,False,True,False,1,1,False,False,False
715,sq8_np8,1.0,False,True,False,1,1,False,False,False
753,mrl_512_sq8_np512,0.8,True,True,True,1,1,True,False,True
753,pca_uc_384_sq8_np512,1.0,True,True,True,1,1,True,False,True
753,pca_uc_512_sq8_np512,1.0,True,True,True,1,1,True,False,True
753,pq_np256,0.8,True,True,True,1,1,True,False,True
753,rabitq_np256,0.8,True,True,True,1,1,True,False,True
753,refine_np64,0.9,True,True,True,1,1,True,False,True
753,sq8_np16,0.7,True,True,True,1,1,False,True,True
753,sq8_np4,0.7,True,True,True,1,1,False,True,True
753,sq8_np512,1.0,True,True,True,1,1,True,False,True
753,sq8_np64,0.9,True,True,True,1,1,True,False,True
753,sq8_np8,0.7,True,True,True,1,1,False,True,True
784,mrl_512_sq8_np512,0.9,True,True,True,2,1,True,False,True
784,pca_uc_384_sq8_np512,1.0,True,True,True,2,1,True,False,True
784,pca_uc_512_sq8_np512,1.0,True,True,True,2,1,True,False,True
784,pq_np256,0.9,True,True,True,2,1,True,False,True
784,rabitq_np256,0.9,True,True,True,2,1,True,False,True
784,refine_np64,1.0,True,True,True,2,1,True,False,True
784,sq8_np16,1.0,True,True,True,2,1,True,False,True
784,sq8_np4,1.0,True,True,True,2,1,True,False,True
784,sq8_np512,1.0,True,True,True,2,1,True,False,True
784,sq8_np64,1.0,True,True,True,2,1,True,False,True
784,sq8_np8,1.0,True,True,True,2,1,True,False,True
861,mrl_512_sq8_np512,0.8,True,False,False,1,0,True,False,True
861,pca_uc_384_sq8_np512,1.0,True,False,False,1,0,True,False,True
861,pca_uc_512_sq8_np512,1.0,True,False,False,1,0,True,False,True
861,pq_np256,0.9,True,False,False,1,0,True,False,True
861,rabitq_np256,0.9,True,False,False,1,0,True,False,True
861,refine_np64,1.0,True,False,False,1,0,True,False,True
861,sq8_np16,1.0,True,False,False,1,0,True,False,True
861,sq8_np4,1.0,True,False,False,1,0,True,False,True
861,sq8_np512,1.0,True,False,False,1,0,True,False,True
861,sq8_np64,1.0,True,False,False,1,0,True,False,True
861,sq8_np8,1.0,True,False,False,1,0,True,False,True
873,mrl_512_sq8_np512,0.9,False,False,False,1,0,True,False,False
873,pca_uc_384_sq8_np512,0.9,False,False,False,1,0,True,False,False
873,pca_uc_512_sq8_np512,0.9,False,False,False,1,0,True,False,False
873,pq_np256,0.9,False,False,False,1,0,True,False,False
873,rabitq_np256,0.8,False,True,False,1,1,True,False,False
873,refine_np64,1.0,False,False,False,1,0,True,False,False
873,sq8_np16,1.0,False,False,False,1,0,True,False,False
873,sq8_np4,0.8,False,True,False,1,1,True,False,False
873,sq8_np512,1.0,False,False,False,1,0,True,False,False
873,sq8_np64,1.0,False,False,False,1,0,True,False,False
873,sq8_np8,0.9,False,False,False,1,0,True,False,False
891,mrl_512_sq8_np512,0.6,True,True,True,1,1,False,False,True
891,pca_uc_384_sq8_np512,1.0,True,True,True,1,1,False,False,True
891,pca_uc_512_sq8_np512,1.0,True,True,True,1,1,False,False,True
891,pq_np256,0.8,True,True,True,1,1,False,False,True
891,rabitq_np256,0.9,True,True,True,1,1,False,False,True
891,refine_np64,1.0,True,True,True,1,1,False,False,True
891,sq8_np16,1.0,True,True,True,1,1,False,False,True
891,sq8_np4,1.0,True,True,True,1,1,False,False,True
891,sq8_np512,1.0,True,True,True,1,1,False,False,True
891,sq8_np64,1.0,True,True,True,1,1,False,False,True
891,sq8_np8,1.0,True,True,True,1,1,False,False,True
937,mrl_512_sq8_np512,0.8,True,True,True,1,1,True,False,True
937,pca_uc_384_sq8_np512,0.9,True,True,True,1,1,True,False,True
937,pca_uc_512_sq8_np512,1.0,True,True,True,1,1,True,False,True
937,pq_np256,0.8,True,True,True,1,1,True,False,True
937,rabitq_np256,1.0,True,True,True,1,1,True,False,True
937,refine_np64,1.0,True,True,True,1,1,True,False,True
937,sq8_np16,1.0,True,True,True,1,1,True,False,True
937,sq8_np4,1.0,True,True,True,1,1,True,False,True
937,sq8_np512,1.0,True,True,True,1,1,True,False,True
937,sq8_np64,1.0,True,True,True,1,1,True,False,True
937,sq8_np8,1.0,True,True,True,1,1,True,False,True
972,mrl_512_sq8_np512,0.9,True,True,True,1,1,False,True,True
972,pca_uc_384_sq8_np512,0.9,True,True,True,1,1,False,True,True
972,pca_uc_512_sq8_np512,1.0,True,True,True,1,1,False,True,True
972,pq_np256,0.8,True,True,True,1,1,False,True,True
972,rabitq_np256,0.8,True,True,True,1,1,False,True,True
972,refine_np64,0.9,True,True,True,1,1,False,True,True
972,sq8_np16,0.9,True,True,True,1,1,False,True,True
972,sq8_np4,0.8,True,True,True,1,1,False,True,True
972,sq8_np512,1.0,True,True,True,1,1,False,True,True
972,sq8_np64,1.0,True,True,True,1,1,False,True,True
972,sq8_np8,0.9,True,True,True,1,1,False,True,True
987,mrl_512_sq8_np512,0.7,False,False,False,2,0,False,True,False
987,pca_uc_384_sq8_np512,1.0,False,False,False,2,0,False,True,False
987,pca_uc_512_sq8_np512,1.0,False,False,False,2,0,False,True,False
987,pq_np256,0.8,False,False,False,2,0,False,True,False
987,rabitq_np256,0.7,False,False,False,2,0,False,True,False
987,refine_np64,0.9,False,False,False,2,0,False,True,False
987,sq8_np16,0.9,False,False,False,2,0,False,True,False
987,sq8_np4,0.8,False,False,False,2,0,False,True,False
987,sq8_np512,1.0,False,False,False,2,0,False,True,False
987,sq8_np64,1.0,False,False,False,2,0,False,True,False
987,sq8_np8,0.8,False,False,False,2,0,False,True,False
990,mrl_512_sq8_np512,0.7,False,False,False,1,0,True,False,True
990,pca_uc_384_sq8_np512,0.9,True,True,True,1,1,False,True,True
990,pca_uc_512_sq8_np512,1.0,True,True,True,1,1,False,True,True
990,pq_np256,0.7,True,True,True,1,1,True,False,True
990,rabitq_np256,0.7,True,True,True,1,1,False,True,True
990,refine_np64,1.0,True,True,True,1,1,True,False,True
990,sq8_np16,1.0,True,True,True,1,1,False,True,True
990,sq8_np4,0.9,True,True,True,1,1,False,True,True
990,sq8_np512,1.0,True,True,True,1,1,True,False,True
990,sq8_np64,1.0,True,True,True,1,1,True,False,True
990,sq8_np8,1.0,True,True,True,1,1,True,False,True
1016,mrl_512_sq8_np512,0.8,True,True,True,1,1,True,False,True
1016,pca_uc_384_sq8_np512,0.9,True,True,True,1,1,True,False,True
1016,pca_uc_512_sq8_np512,1.0,True,True,True,1,1,True,False,True
1016,pq_np256,0.9,True,True,True,1,1,True,False,True
1016,rabitq_np256,1.0,True,True,True,1,1,True,False,True
1016,refine_np64,1.0,True,True,True,1,1,True,False,True
1016,sq8_np16,1.0,True,True,True,1,1,True,False,True
1016,sq8_np4,1.0,True,True,True,1,1,True,False,True
1016,sq8_np512,1.0,True,True,True,1,1,True,False,True
1016,sq8_np64,1.0,True,True,True,1,1,True,False,True
1016,sq8_np8,1.0,True,True,True,1,1,True,False,True
1020,mrl_512_sq8_np512,0.5,True,True,True,1,1,True,False,True
1020,pca_uc_384_sq8_np512,1.0,True,True,True,1,1,False,True,True
1020,pca_uc_512_sq8_np512,1.0,True,True,True,1,1,False,True,True
1020,pq_np256,0.9,True,True,True,1,1,False,True,True
1020,rabitq_np256,0.8,True,True,True,1,1,False,True,True
1020,refine_np64,0.6,True,True,True,1,1,False,True,True
1020,sq8_np16,0.9,True,True,True,1,1,False,True,True
1020,sq8_np4,0.6,False,False,False,1,0,False,True,True
1020,sq8_np512,1.0,True,True,True,1,1,False,True,True
1020,sq8_np64,0.9,True,True,True,1,1,False,True,True
1020,sq8_np8,0.6,False,False,False,1,0,False,True,True
1026,mrl_512_sq8_np512,0.7,True,True,True,2,1,True,False,True
1026,pca_uc_384_sq8_np512,1.0,True,True,True,2,1,True,False,True
1026,pca_uc_512_sq8_np512,1.0,True,True,True,2,1,True,False,True
1026,pq_np256,0.8,True,True,True,2,1,True,False,True
1026,rabitq_np256,0.9,True,True,True,2,1,True,False,True
1026,refine_np64,1.0,True,True,True,2,1,True,False,True
1026,sq8_np16,1.0,True,True,True,2,1,True,False,True
1026,sq8_np4,1.0,True,True,True,2,1,True,False,True
1026,sq8_np512,1.0,True,True,True,2,1,True,False,True
1026,sq8_np64,1.0,True,True,True,2,1,True,False,True
1026,sq8_np8,1.0,True,True,True,2,1,True,False,True
1032,mrl_512_sq8_np512,0.8,True,False,False,2,0,True,False,True
1032,pca_uc_384_sq8_np512,1.0,True,False,False,2,0,False,True,True
1032,pca_uc_512_sq8_np512,1.0,True,False,False,2,0,False,True,True
1032,pq_np256,0.9,True,False,False,2,0,True,False,True
1032,rabitq_np256,0.8,True,False,False,2,0,True,False,True
1032,refine_np64,1.0,True,False,False,2,0,False,True,True
1032,sq8_np16,1.0,True,False,False,2,0,False,False,True
1032,sq8_np4,1.0,True,False,False,2,0,False,True,True
1032,sq8_np512,1.0,True,False,False,2,0,True,False,True
1032,sq8_np64,1.0,True,False,False,2,0,True,False,True
1032,sq8_np8,1.0,True,False,False,2,0,False,True,True
1048,mrl_512_sq8_np512,0.9,True,True,True,1,1,True,False,True
1048,pca_uc_384_sq8_np512,1.0,True,True,True,1,1,True,False,True
1048,pca_uc_512_sq8_np512,1.0,True,True,True,1,1,True,False,True
1048,pq_np256,0.7,True,True,True,1,1,True,False,True
1048,rabitq_np256,0.8,True,True,True,1,1,True,False,True
1048,refine_np64,1.0,True,True,True,1,1,True,False,True
1048,sq8_np16,1.0,True,True,True,1,1,True,False,True
1048,sq8_np4,1.0,True,True,True,1,1,True,False,True
1048,sq8_np512,1.0,True,True,True,1,1,True,False,True
1048,sq8_np64,1.0,True,True,True,1,1,True,False,True
1048,sq8_np8,1.0,True,True,True,1,1,True,False,True
1063,mrl_512_sq8_np512,0.8,True,True,True,1,1,True,False,True
1063,pca_uc_384_sq8_np512,1.0,True,True,True,1,1,True,False,True
1063,pca_uc_512_sq8_np512,1.0,True,True,True,1,1,True,False,True
1063,pq_np256,0.9,True,True,True,1,1,True,False,True
1063,rabitq_np256,0.8,True,True,True,1,1,True,False,True
1063,refine_np64,1.0,True,True,True,1,1,True,False,True
1063,sq8_np16,1.0,True,True,True,1,1,True,False,True
1063,sq8_np4,1.0,True,True,True,1,1,True,False,True
1063,sq8_np512,1.0,True,True,True,1,1,True,False,True
1063,sq8_np64,1.0,True,True,True,1,1,True,False,True
1063,sq8_np8,1.0,True,True,True,1,1,True,False,True
1065,mrl_512_sq8_np512,0.7,False,True,False,1,1,False,True,False
1065,pca_uc_384_sq8_np512,1.0,False,True,False,1,1,False,False,False
1065,pca_uc_512_sq8_np512,0.9,False,True,False,1,1,False,True,False
1065,pq_np256,0.9,False,True,False,1,1,False,True,False
1065,rabitq_np256,0.8,False,True,False,1,1,False,True,False
1065,refine_np64,1.0,False,True,False,1,1,False,True,False
1065,sq8_np16,1.0,False,True,False,1,1,False,False,False
1065,sq8_np4,0.9,False,True,False,1,1,False,False,False
1065,sq8_np512,1.0,False,True,False,1,1,False,False,False
1065,sq8_np64,1.0,False,True,False,1,1,False,True,False
1065,sq8_np8,1.0,False,True,False,1,1,False,False,False
1071,mrl_512_sq8_np512,0.9,True,True,True,1,1,True,False,True
1071,pca_uc_384_sq8_np512,1.0,True,True,True,1,1,True,False,True
1071,pca_uc_512_sq8_np512,1.0,True,True,True,1,1,True,False,True
1071,pq_np256,0.8,True,True,True,1,1,True,False,True
1071,rabitq_np256,0.8,True,True,True,1,1,True,False,True
1071,refine_np64,1.0,True,True,True,1,1,True,False,True
1071,sq8_np16,0.9,True,True,True,1,1,True,False,True
1071,sq8_np4,0.8,True,True,True,1,1,True,False,True
1071,sq8_np512,0.9,True,True,True,1,1,True,False,True
1071,sq8_np64,0.9,True,True,True,1,1,True,False,True
1071,sq8_np8,0.9,True,True,True,1,1,True,False,True
1088,mrl_512_sq8_np512,0.6,True,True,False,1,1,False,True,True
1088,pca_uc_384_sq8_np512,1.0,True,True,False,1,1,True,False,True
1088,pca_uc_512_sq8_np512,1.0,True,True,False,1,1,True,False,True
1088,pq_np256,0.8,True,True,False,1,1,True,False,True
1088,rabitq_np256,0.8,True,False,False,1,0,True,False,True
1088,refine_np64,1.0,True,True,False,1,1,True,False,True
1088,sq8_np16,1.0,True,True,False,1,1,False,True,True
1088,sq8_np4,1.0,True,True,False,1,1,False,True,True
1088,sq8_np512,1.0,True,True,False,1,1,False,True,True
1088,sq8_np64,1.0,True,True,False,1,1,False,True,True
1088,sq8_np8,1.0,True,True,False,1,1,False,True,True
1094,mrl_512_sq8_np512,0.8,False,True,False,1,1,False,True,False
1094,pca_uc_384_sq8_np512,0.9,False,True,False,1,1,False,True,False
1094,pca_uc_512_sq8_np512,1.0,False,True,False,1,1,False,True,False
1094,pq_np256,0.9,False,True,False,1,1,False,True,False
1094,rabitq_np256,0.7,False,True,False,1,1,False,True,False
1094,refine_np64,1.0,False,True,False,1,1,False,True,False
1094,sq8_np16,1.0,False,True,False,1,1,False,True,False
1094,sq8_np4,1.0,False,True,False,1,1,False,True,False
1094,sq8_np512,1.0,False,True,False,1,1,False,True,False
1094,sq8_np64,1.0,False,True,False,1,1,False,True,False
1094,sq8_np8,1.0,False,True,False,1,1,False,True,False
1114,mrl_512_sq8_np512,0.7,True,True,True,1,1,False,True,True
1114,pca_uc_384_sq8_np512,0.9,True,True,True,1,1,False,True,True
1114,pca_uc_512_sq8_np512,1.0,True,True,True,1,1,False,True,True
1114,pq_np256,0.5,True,True,True,1,1,False,True,True
1114,rabitq_np256,0.9,True,True,True,1,1,False,True,True
1114,refine_np64,1.0,True,True,True,1,1,False,True,True
1114,sq8_np16,1.0,True,True,True,1,1,False,True,True
1114,sq8_np4,1.0,True,True,True,1,1,False,True,True
1114,sq8_np512,1.0,True,True,True,1,1,False,True,True
1114,sq8_np64,1.0,True,True,True,1,1,False,True,True
1114,sq8_np8,1.0,True,True,True,1,1,False,True,True
1158,mrl_512_sq8_np512,0.9,True,True,True,2,1,True,False,True
1158,pca_uc_384_sq8_np512,0.9,True,True,True,2,1,True,False,True
1158,pca_uc_512_sq8_np512,1.0,True,True,True,2,1,True,False,True
1158,pq_np256,0.9,True,True,True,2,1,True,False,True
1158,rabitq_np256,0.7,True,True,True,2,1,True,False,True
1158,refine_np64,0.9,True,True,True,2,1,True,False,True
1158,sq8_np16,0.8,True,True,True,2,1,True,False,True
1158,sq8_np4,0.6,True,True,True,2,1,True,False,True
1158,sq8_np512,1.0,True,True,True,2,1,True,False,True
1158,sq8_np64,0.9,True,True,True,2,1,True,False,True
1158,sq8_np8,0.8,True,True,True,2,1,True,False,True
1427,mrl_512_sq8_np512,0.8,True,True,True,1,1,True,False,True
1427,pca_uc_384_sq8_np512,1.0,True,True,True,1,1,True,False,True
1427,pca_uc_512_sq8_np512,0.9,True,True,True,1,1,True,False,True
1427,pq_np256,0.9,True,True,True,1,1,True,False,True
1427,rabitq_np256,0.8,True,True,True,1,1,True,False,True
1427,refine_np64,1.0,True,True,True,1,1,True,False,True
1427,sq8_np16,1.0,True,True,True,1,1,True,False,True
1427,sq8_np4,1.0,True,True,True,1,1,True,False,True
1427,sq8_np512,1.0,True,True,True,1,1,True,False,True
1427,sq8_np64,1.0,True,True,True,1,1,True,False,True
1427,sq8_np8,1.0,True,True,True,1,1,True,False,True
1463,mrl_512_sq8_np512,0.7,True,True,True,1,1,True,False,True
1463,pca_uc_384_sq8_np512,0.6,True,True,True,1,1,True,False,True
1463,pca_uc_512_sq8_np512,0.9,True,True,True,1,1,True,False,True
1463,pq_np256,0.7,True,True,True,1,1,True,False,True
1463,rabitq_np256,0.8,True,True,True,1,1,True,False,True
1463,refine_np64,1.0,True,True,True,1,1,True,False,True
1463,sq8_np16,0.9,True,True,True,1,1,True,False,True
1463,sq8_np4,0.4,False,False,False,1,0,False,True,True
1463,sq8_np512,1.0,True,True,True,1,1,True,False,True
1463,sq8_np64,1.0,True,True,True,1,1,True,False,True
1463,sq8_np8,0.8,True,True,True,1,1,True,False,True
1466,mrl_512_sq8_np512,0.9,True,True,True,1,1,True,False,True
1466,pca_uc_384_sq8_np512,0.9,True,True,True,1,1,True,False,True
1466,pca_uc_512_sq8_np512,1.0,True,True,True,1,1,True,False,True
1466,pq_np256,1.0,True,True,True,1,1,True,False,True
1466,rabitq_np256,0.9,True,True,True,1,1,True,False,True
1466,refine_np64,1.0,True,True,True,1,1,True,False,True
1466,sq8_np16,1.0,True,True,True,1,1,True,False,True
1466,sq8_np4,0.9,True,True,True,1,1,True,False,True
1466,sq8_np512,1.0,True,True,True,1,1,True,False,True
1466,sq8_np64,1.0,True,True,True,1,1,True,False,True
1466,sq8_np8,0.9,True,True,True,1,1,True,False,True
1520,mrl_512_sq8_np512,0.9,True,True,True,1,1,True,False,True
1520,pca_uc_384_sq8_np512,1.0,True,True,True,1,1,False,True,True
1520,pca_uc_512_sq8_np512,1.0,True,True,True,1,1,False,True,True
1520,pq_np256,1.0,True,True,True,1,1,True,False,True
1520,rabitq_np256,0.9,True,True,True,1,1,True,False,True
1520,refine_np64,1.0,True,True,True,1,1,True,False,True
1520,sq8_np16,1.0,True,True,True,1,1,True,False,True
1520,sq8_np4,1.0,True,True,True,1,1,False,True,True
1520,sq8_np512,1.0,True,True,True,1,1,False,True,True
1520,sq8_np64,1.0,True,True,True,1,1,True,False,True
1520,sq8_np8,1.0,True,True,True,1,1,True,False,True
1527,mrl_512_sq8_np512,0.9,True,True,True,3,2,True,False,True
1527,pca_uc_384_sq8_np512,0.9,True,True,True,3,2,True,False,True
1527,pca_uc_512_sq8_np512,1.0,True,True,True,3,2,True,False,True
1527,pq_np256,0.9,True,True,True,3,2,True,False,True
1527,rabitq_np256,0.9,True,True,True,3,2,True,False,True
1527,refine_np64,1.0,True,True,True,3,2,True,False,True
1527,sq8_np16,1.0,True,True,True,3,2,True,False,True
1527,sq8_np4,1.0,True,True,True,3,2,True,False,True
1527,sq8_np512,1.0,True,True,True,3,2,True,False,True
1527,sq8_np64,1.0,True,True,True,3,2,True,False,True
1527,sq8_np8,1.0,True,True,True,3,2,True,False,True
1626,mrl_512_sq8_np512,0.9,True,True,True,1,1,True,False,True
1626,pca_uc_384_sq8_np512,1.0,True,True,True,1,1,True,False,True
1626,pca_uc_512_sq8_np512,1.0,True,True,True,1,1,True,False,True
1626,pq_np256,0.9,True,True,True,1,1,False,True,True
1626,rabitq_np256,0.9,True,True,True,1,1,True,False,True
1626,refine_np64,1.0,True,True,True,1,1,True,False,True
1626,sq8_np16,1.0,True,True,True,1,1,True,False,True
1626,sq8_np4,1.0,True,True,True,1,1,True,False,True
1626,sq8_np512,1.0,True,True,True,1,1,True,False,True
1626,sq8_np64,1.0,True,True,True,1,1,True,False,True
1626,sq8_np8,1.0,True,True,True,1,1,True,False,True
1627,mrl_512_sq8_np512,0.5,False,False,False,1,0,False,True,False
1627,pca_uc_384_sq8_np512,0.9,False,False,False,1,0,False,True,False
1627,pca_uc_512_sq8_np512,1.0,False,False,False,1,0,False,True,False
1627,pq_np256,0.6,False,True,False,1,1,False,True,False
1627,rabitq_np256,0.8,False,False,False,1,0,False,True,False
1627,refine_np64,1.0,False,False,False,1,0,False,True,False
1627,sq8_np16,0.9,False,False,False,1,0,False,True,False
1627,sq8_np4,0.4,False,True,False,1,1,False,True,False
1627,sq8_np512,1.0,False,False,False,1,0,False,True,False
1627,sq8_np64,1.0,False,False,False,1,0,False,True,False
1627,sq8_np8,0.8,False,True,False,1,1,False,True,False
1630,mrl_512_sq8_np512,0.9,True,True,True,1,1,True,False,True
1630,pca_uc_384_sq8_np512,1.0,True,True,True,1,1,True,False,True
1630,pca_uc_512_sq8_np512,1.0,True,True,True,1,1,True,False,True
1630,pq_np256,0.8,True,True,True,1,1,True,False,True
1630,rabitq_np256,0.9,True,True,True,1,1,True,False,True
1630,refine_np64,1.0,True,True,True,1,1,True,False,True
1630,sq8_np16,1.0,True,True,True,1,1,True,False,True
1630,sq8_np4,0.8,True,True,True,1,1,True,False,True
1630,sq8_np512,1.0,True,True,True,1,1,True,False,True
1630,sq8_np64,1.0,True,True,True,1,1,True,False,True
1630,sq8_np8,0.9,True,True,True,1,1,True,False,True
1641,mrl_512_sq8_np512,0.7,True,True,True,2,1,True,False,True
1641,pca_uc_384_sq8_np512,0.9,True,True,True,2,1,True,False,True
1641,pca_uc_512_sq8_np512,0.9,True,True,True,2,1,True,False,True
1641,pq_np256,0.8,True,True,True,2,1,True,False,True
1641,rabitq_np256,0.9,True,True,True,2,1,True,False,True
1641,refine_np64,1.0,True,True,True,2,1,True,False,True
1641,sq8_np16,1.0,True,True,True,2,1,True,False,True
1641,sq8_np4,1.0,True,True,True,2,1,True,False,True
1641,sq8_np512,1.0,True,True,True,2,1,True,False,True
1641,sq8_np64,1.0,True,True,True,2,1,True,False,True
1641,sq8_np8,1.0,True,True,True,2,1,True,False,True
1661,mrl_512_sq8_np512,0.8,False,False,False,1,0,False,True,False
1661,pca_uc_384_sq8_np512,1.0,False,False,False,1,0,False,True,False
1661,pca_uc_512_sq8_np512,1.0,False,False,False,1,0,False,True,False
1661,pq_np256,0.8,False,False,False,1,0,False,True,False
1661,rabitq_np256,0.8,False,False,False,1,0,False,True,False
1661,refine_np64,1.0,False,False,False,1,0,False,True,False
1661,sq8_np16,1.0,False,False,False,1,0,False,True,False
1661,sq8_np4,1.0,False,False,False,1,0,False,True,False
1661,sq8_np512,1.0,False,False,False,1,0,False,True,False
1661,sq8_np64,1.0,False,False,False,1,0,False,True,False
1661,sq8_np8,1.0,False,False,False,1,0,False,True,False
1770,mrl_512_sq8_np512,0.8,True,True,True,2,1,False,True,True
1770,pca_uc_384_sq8_np512,1.0,True,True,True,2,1,False,True,True
1770,pca_uc_512_sq8_np512,1.0,True,True,True,2,1,False,True,True
1770,pq_np256,0.8,True,True,True,2,1,False,True,True
1770,rabitq_np256,0.8,True,True,True,2,1,False,True,True
1770,refine_np64,0.6,True,True,True,2,1,False,True,True
1770,sq8_np16,0.9,True,True,True,2,1,False,True,True
1770,sq8_np4,0.6,False,False,False,2,0,False,True,True
1770,sq8_np512,1.0,True,True,True,2,1,False,True,True
1770,sq8_np64,0.9,True,True,True,2,1,False,True,True
1770,sq8_np8,0.7,False,False,False,2,0,False,False,True
1777,mrl_512_sq8_np512,0.8,True,True,True,1,1,True,False,True
1777,pca_uc_384_sq8_np512,1.0,True,True,True,1,1,True,False,True
1777,pca_uc_512_sq8_np512,1.0,True,True,True,1,1,True,False,True
1777,pq_np256,0.7,True,True,True,1,1,True,False,True
1777,rabitq_np256,0.8,True,True,True,1,1,True,False,True
1777,refine_np64,0.9,True,True,True,1,1,True,False,True
1777,sq8_np16,0.9,True,True,True,1,1,True,False,True
1777,sq8_np4,0.7,False,True,False,1,1,False,True,True
1777,sq8_np512,1.0,True,True,True,1,1,True,False,True
1777,sq8_np64,0.9,True,True,True,1,1,True,False,True
1777,sq8_np8,0.7,False,True,False,1,1,False,True,True
1785,mrl_512_sq8_np512,0.7,True,True,True,2,2,False,True,True
1785,pca_uc_384_sq8_np512,0.9,True,True,True,2,2,False,True,True
1785,pca_uc_512_sq8_np512,0.9,True,True,True,2,2,False,True,True
1785,pq_np256,0.8,True,True,True,2,2,False,True,True
1785,rabitq_np256,0.9,True,True,True,2,2,False,True,True
1785,refine_np64,1.0,True,True,True,2,2,False,True,True
1785,sq8_np16,1.0,True,True,True,2,2,True,False,True
1785,sq8_np4,1.0,True,True,True,2,2,True,False,True
1785,sq8_np512,1.0,True,True,True,2,2,True,False,True
1785,sq8_np64,1.0,True,True,True,2,2,True,False,True
1785,sq8_np8,1.0,True,True,True,2,2,False,True,True
1799,mrl_512_sq8_np512,0.7,True,True,True,2,1,True,False,True
1799,pca_uc_384_sq8_np512,0.9,True,True,False,2,1,True,False,True
1799,pca_uc_512_sq8_np512,1.0,True,True,True,2,1,True,False,True
1799,pq_np256,0.8,True,True,True,2,1,True,False,True
1799,rabitq_np256,0.8,True,True,False,2,1,True,False,True
1799,refine_np64,1.0,True,True,True,2,1,True,False,True
1799,sq8_np16,1.0,True,True,True,2,1,True,False,True
1799,sq8_np4,0.8,True,True,True,2,1,True,False,True
1799,sq8_np512,1.0,True,True,True,2,1,True,False,True
1799,sq8_np64,1.0,True,True,True,2,1,True,False,True
1799,sq8_np8,0.9,True,True,True,2,1,True,False,True
1859,mrl_512_sq8_np512,0.8,True,True,True,3,3,True,False,True
1859,pca_uc_384_sq8_np512,1.0,True,True,True,3,2,True,False,True
1859,pca_uc_512_sq8_np512,1.0,True,True,True,3,2,True,False,True
1859,pq_np256,0.9,True,True,True,3,2,True,False,True
1859,rabitq_np256,0.8,True,True,True,3,2,True,False,True
1859,refine_np64,1.0,True,True,True,3,2,True,False,True
1859,sq8_np16,1.0,True,True,True,3,2,True,False,True
1859,sq8_np4,0.9,True,True,True,3,2,True,False,True
1859,sq8_np512,1.0,True,True,True,3,2,True,False,True
1859,sq8_np64,1.0,True,True,True,3,2,True,False,True
1859,sq8_np8,0.9,True,True,True,3,2,True,False,True
1874,mrl_512_sq8_np512,0.8,True,True,True,2,2,False,True,True
1874,pca_uc_384_sq8_np512,0.9,True,True,True,2,2,True,False,True
1874,pca_uc_512_sq8_np512,1.0,True,True,True,2,2,False,True,True
1874,pq_np256,0.5,True,True,True,2,1,False,True,True
1874,rabitq_np256,0.7,True,True,True,2,1,False,True,True
1874,refine_np64,1.0,True,True,True,2,2,False,True,True
1874,sq8_np16,1.0,True,True,True,2,2,False,True,True
1874,sq8_np4,1.0,True,True,True,2,2,False,True,True
1874,sq8_np512,1.0,True,True,True,2,2,False,True,True
1874,sq8_np64,1.0,True,True,True,2,2,False,True,True
1874,sq8_np8,1.0,True,True,True,2,2,False,True,True
1875,mrl_512_sq8_np512,0.9,True,True,False,1,1,True,False,True
1875,pca_uc_384_sq8_np512,1.0,True,False,False,1,0,True,False,True
1875,pca_uc_512_sq8_np512,1.0,True,False,False,1,0,True,False,True
1875,pq_np256,0.9,True,False,False,1,0,True,False,True
1875,rabitq_np256,0.8,True,True,False,1,1,True,False,True
1875,refine_np64,1.0,True,False,False,1,0,True,False,True
1875,sq8_np16,1.0,True,False,False,1,0,True,False,True
1875,sq8_np4,0.9,True,True,False,1,1,True,False,True
1875,sq8_np512,1.0,True,False,False,1,0,True,False,True
1875,sq8_np64,1.0,True,False,False,1,0,True,False,True
1875,sq8_np8,1.0,True,False,False,1,0,True,False,True
1906,mrl_512_sq8_np512,0.8,True,True,True,1,1,True,False,True
1906,pca_uc_384_sq8_np512,0.9,True,True,True,1,1,True,False,True
1906,pca_uc_512_sq8_np512,1.0,True,True,True,1,1,True,False,True
1906,pq_np256,0.7,True,True,True,1,1,True,False,True
1906,rabitq_np256,0.8,True,True,True,1,1,True,False,True
1906,refine_np64,1.0,True,True,True,1,1,True,False,True
1906,sq8_np16,1.0,True,True,True,1,1,True,False,True
1906,sq8_np4,1.0,True,True,True,1,1,True,False,True
1906,sq8_np512,1.0,True,True,True,1,1,True,False,True
1906,sq8_np64,1.0,True,True,True,1,1,True,False,True
1906,sq8_np8,1.0,True,True,True,1,1,True,False,True
1916,mrl_512_sq8_np512,0.8,True,True,True,2,1,False,False,True
1916,pca_uc_384_sq8_np512,1.0,True,True,True,2,1,True,False,True
1916,pca_uc_512_sq8_np512,1.0,True,True,True,2,1,True,False,True
1916,pq_np256,0.9,True,True,True,2,1,True,False,True
1916,rabitq_np256,0.9,True,True,True,2,1,True,False,True
1916,refine_np64,1.0,True,True,True,2,1,True,False,True
1916,sq8_np16,1.0,True,True,True,2,1,True,False,True
1916,sq8_np4,0.9,True,True,True,2,1,True,False,True
1916,sq8_np512,1.0,True,True,True,2,1,True,False,True
1916,sq8_np64,1.0,True,True,True,2,1,True,False,True
1916,sq8_np8,0.9,True,True,True,2,1,True,False,True
1933,mrl_512_sq8_np512,0.7,True,True,True,2,2,True,False,False
1933,pca_uc_384_sq8_np512,0.7,False,True,False,2,2,True,False,False
1933,pca_uc_512_sq8_np512,0.9,False,True,False,2,2,True,False,False
1933,pq_np256,0.6,True,True,True,2,2,True,False,False
1933,rabitq_np256,0.7,False,True,False,2,2,True,False,False
1933,refine_np64,1.0,False,True,False,2,2,True,False,False
1933,sq8_np16,1.0,False,True,False,2,2,True,False,False
1933,sq8_np4,0.9,False,True,False,2,2,True,False,False
1933,sq8_np512,1.0,False,True,False,2,2,True,False,False
1933,sq8_np64,1.0,False,True,False,2,2,True,False,False
1933,sq8_np8,0.9,False,True,False,2,2,True,False,False
1967,mrl_512_sq8_np512,0.9,True,True,True,1,1,True,False,True
1967,pca_uc_384_sq8_np512,1.0,True,True,True,1,1,True,False,True
1967,pca_uc_512_sq8_np512,1.0,True,True,True,1,1,True,False,True
1967,pq_np256,0.9,True,True,True,1,1,True,False,True
1967,rabitq_np256,0.9,True,True,True,1,1,True,False,True
1967,refine_np64,1.0,True,True,True,1,1,True,False,True
1967,sq8_np16,1.0,True,True,True,1,1,True,False,True
1967,sq8_np4,1.0,True,True,True,1,1,True,False,True
1967,sq8_np512,1.0,True,True,True,1,1,True,False,True
1967,sq8_np64,1.0,True,True,True,1,1,True,False,True
1967,sq8_np8,1.0,True,True,True,1,1,True,False,True
2064,mrl_512_sq8_np512,0.8,True,True,True,1,1,True,False,True
2064,pca_uc_384_sq8_np512,1.0,True,True,True,1,1,False,False,True
2064,pca_uc_512_sq8_np512,1.0,True,True,True,1,1,False,False,True
2064,pq_np256,0.7,True,True,True,1,1,True,False,True
2064,rabitq_np256,0.9,True,True,True,1,1,False,False,True
2064,refine_np64,1.0,True,True,True,1,1,False,False,True
2064,sq8_np16,0.7,True,True,True,1,1,False,False,True
2064,sq8_np4,0.4,True,True,True,1,1,False,False,True
2064,sq8_np512,1.0,True,True,True,1,1,False,False,True
2064,sq8_np64,1.0,True,True,True,1,1,False,False,True
2064,sq8_np8,0.4,True,True,True,1,1,False,False,True
2078,mrl_512_sq8_np512,0.9,True,True,True,1,1,True,False,True
2078,pca_uc_384_sq8_np512,1.0,True,True,True,1,1,True,False,True
2078,pca_uc_512_sq8_np512,1.0,True,True,True,1,1,True,False,True
2078,pq_np256,0.9,True,True,True,1,1,True,False,True
2078,rabitq_np256,1.0,True,True,True,1,1,True,False,True
2078,refine_np64,1.0,True,True,True,1,1,True,False,True
2078,sq8_np16,1.0,True,True,True,1,1,True,False,True
2078,sq8_np4,1.0,True,True,True,1,1,True,False,True
2078,sq8_np512,1.0,True,True,True,1,1,True,False,True
2078,sq8_np64,1.0,True,True,True,1,1,True,False,True
2078,sq8_np8,1.0,True,True,True,1,1,True,False,True
2108,mrl_512_sq8_np512,0.9,False,True,False,1,1,False,False,False
2108,pca_uc_384_sq8_np512,1.0,False,True,False,1,1,False,False,False
2108,pca_uc_512_sq8_np512,1.0,False,True,False,1,1,False,False,False
2108,pq_np256,0.8,False,True,False,1,1,False,False,False
2108,rabitq_np256,0.8,False,True,False,1,1,False,False,False
2108,refine_np64,1.0,False,True,False,1,1,False,False,False
2108,sq8_np16,1.0,False,True,False,1,1,False,False,False
2108,sq8_np4,1.0,False,True,False,1,1,False,False,False
2108,sq8_np512,1.0,False,True,False,1,1,False,False,False
2108,sq8_np64,1.0,False,True,False,1,1,False,False,False
2108,sq8_np8,1.0,False,True,False,1,1,False,False,False
2134,mrl_512_sq8_np512,0.9,True,True,True,1,1,True,False,True
2134,pca_uc_384_sq8_np512,0.9,True,True,True,1,1,True,False,True
2134,pca_uc_512_sq8_np512,1.0,True,True,True,1,1,True,False,True
2134,pq_np256,0.9,True,True,True,1,1,True,False,True
2134,rabitq_np256,1.0,True,True,True,1,1,True,False,True
2134,refine_np64,1.0,True,True,True,1,1,True,False,True
2134,sq8_np16,1.0,True,True,True,1,1,True,False,True
2134,sq8_np4,1.0,True,True,True,1,1,True,False,True
2134,sq8_np512,1.0,True,True,True,1,1,True,False,True
2134,sq8_np64,1.0,True,True,True,1,1,True,False,True
2134,sq8_np8,1.0,True,True,True,1,1,True,False,True
2145,mrl_512_sq8_np512,0.8,False,False,False,1,0,False,False,False
2145,pca_uc_384_sq8_np512,1.0,False,False,False,1,0,False,True,False
2145,pca_uc_512_sq8_np512,0.9,False,False,False,1,0,False,True,False
2145,pq_np256,0.7,False,False,False,1,0,False,True,False
2145,rabitq_np256,0.9,False,False,False,1,0,False,True,False
2145,refine_np64,1.0,False,False,False,1,0,False,True,False
2145,sq8_np16,1.0,False,False,False,1,0,False,True,False
2145,sq8_np4,1.0,False,False,False,1,0,False,True,False
2145,sq8_np512,1.0,False,False,False,1,0,False,True,False
2145,sq8_np64,1.0,False,False,False,1,0,False,True,False
2145,sq8_np8,1.0,False,False,False,1,0,False,True,False
2167,mrl_512_sq8_np512,0.9,False,True,False,1,1,False,False,False
2167,pca_uc_384_sq8_np512,1.0,False,True,False,1,1,False,False,False
2167,pca_uc_512_sq8_np512,1.0,False,True,False,1,1,False,False,False
2167,pq_np256,1.0,False,True,False,1,1,False,False,False
2167,rabitq_np256,1.0,False,True,False,1,1,False,False,False
2167,refine_np64,1.0,False,True,False,1,1,False,False,False
2167,sq8_np16,1.0,False,True,False,1,1,False,False,False
2167,sq8_np4,1.0,False,True,False,1,1,False,False,False
2167,sq8_np512,1.0,False,True,False,1,1,False,False,False
2167,sq8_np64,1.0,False,True,False,1,1,False,False,False
2167,sq8_np8,1.0,False,True,False,1,1,False,False,False
2172,mrl_512_sq8_np512,0.6,True,True,True,1,1,True,False,True
2172,pca_uc_384_sq8_np512,0.9,True,True,True,1,1,True,False,True
2172,pca_uc_512_sq8_np512,0.9,True,True,True,1,1,True,False,True
2172,pq_np256,1.0,True,True,True,1,1,True,False,True
2172,rabitq_np256,0.8,True,True,True,1,1,True,False,True
2172,refine_np64,1.0,True,True,True,1,1,True,False,True
2172,sq8_np16,0.9,True,True,True,1,1,True,False,True
2172,sq8_np4,0.9,True,True,True,1,1,True,False,True
2172,sq8_np512,0.9,True,True,True,1,1,True,False,True
2172,sq8_np64,0.9,True,True,True,1,1,True,False,True
2172,sq8_np8,0.9,True,True,True,1,1,True,False,True
2226,mrl_512_sq8_np512,0.7,False,False,False,1,0,False,True,False
2226,pca_uc_384_sq8_np512,0.9,False,False,False,1,0,False,True,False
2226,pca_uc_512_sq8_np512,1.0,False,False,False,1,0,False,True,False
2226,pq_np256,0.7,False,False,False,1,0,False,True,False
2226,rabitq_np256,0.7,True,False,False,1,0,False,True,False
2226,refine_np64,0.9,True,False,False,1,0,False,True,False
2226,sq8_np16,0.9,True,False,False,1,0,False,True,False
2226,sq8_np4,0.7,False,False,False,1,0,False,True,False
2226,sq8_np512,1.0,False,False,False,1,0,False,True,False
2226,sq8_np64,1.0,False,False,False,1,0,False,True,False
2226,sq8_np8,0.8,True,False,False,1,0,False,True,False
2263,mrl_512_sq8_np512,0.6,True,False,False,1,0,True,False,True
2263,pca_uc_384_sq8_np512,0.9,True,False,False,1,0,True,False,True
2263,pca_uc_512_sq8_np512,0.9,True,False,False,1,0,True,False,True
2263,pq_np256,0.8,True,False,False,1,0,True,False,True
2263,rabitq_np256,0.6,True,False,False,1,0,True,False,True
2263,refine_np64,1.0,True,False,False,1,0,True,False,True
2263,sq8_np16,1.0,True,False,False,1,0,True,False,True
2263,sq8_np4,1.0,True,False,False,1,0,True,False,True
2263,sq8_np512,1.0,True,False,False,1,0,True,False,True
2263,sq8_np64,1.0,True,False,False,1,0,True,False,True
2263,sq8_np8,1.0,True,False,False,1,0,True,False,True
2284,mrl_512_sq8_np512,0.9,False,True,False,2,2,False,True,False
2284,pca_uc_384_sq8_np512,1.0,False,True,False,2,2,False,False,False
2284,pca_uc_512_sq8_np512,1.0,False,True,False,2,2,True,False,False
2284,pq_np256,0.7,False,True,False,2,1,True,False,False
2284,rabitq_np256,0.8,False,True,False,2,1,True,False,False
2284,refine_np64,1.0,False,True,False,2,2,True,False,False
2284,sq8_np16,0.9,False,True,False,2,2,True,False,False
2284,sq8_np4,0.8,False,True,False,2,2,True,False,False
2284,sq8_np512,1.0,False,True,False,2,2,True,False,False
2284,sq8_np64,1.0,False,True,False,2,2,True,False,False
2284,sq8_np8,0.8,False,True,False,2,2,True,False,False
2295,mrl_512_sq8_np512,0.8,True,True,True,1,1,False,False,True
2295,pca_uc_384_sq8_np512,1.0,True,True,True,1,1,False,False,True
2295,pca_uc_512_sq8_np512,1.0,True,True,True,1,1,False,False,True
2295,pq_np256,0.8,True,True,True,1,1,False,False,True
2295,rabitq_np256,0.8,True,True,True,1,1,False,False,True
2295,refine_np64,1.0,True,True,True,1,1,False,False,True
2295,sq8_np16,1.0,True,True,True,1,1,False,False,True
2295,sq8_np4,1.0,True,True,True,1,1,False,False,True
2295,sq8_np512,1.0,True,True,True,1,1,False,False,True
2295,sq8_np64,1.0,True,True,True,1,1,False,False,True
2295,sq8_np8,1.0,True,True,True,1,1,False,False,True
2337,mrl_512_sq8_np512,0.7,True,True,True,2,1,False,True,True
2337,pca_uc_384_sq8_np512,0.9,True,True,True,2,1,False,True,True
2337,pca_uc_512_sq8_np512,1.0,True,True,True,2,1,True,False,True
2337,pq_np256,0.9,True,True,True,2,1,False,True,True
2337,rabitq_np256,0.7,True,True,True,2,2,True,True,True
2337,refine_np64,1.0,True,True,True,2,1,False,True,True
2337,sq8_np16,1.0,True,True,True,2,1,False,True,True
2337,sq8_np4,1.0,True,True,True,2,1,False,True,True
2337,sq8_np512,1.0,True,True,True,2,1,False,True,True
2337,sq8_np64,1.0,True,True,True,2,1,False,True,True
2337,sq8_np8,1.0,True,True,True,2,1,True,True,True
2398,mrl_512_sq8_np512,1.0,True,True,True,1,1,True,False,True
2398,pca_uc_384_sq8_np512,1.0,True,True,True,1,1,True,False,True
2398,pca_uc_512_sq8_np512,1.0,True,True,True,1,1,True,False,True
2398,pq_np256,0.9,True,True,True,1,1,True,False,True
2398,rabitq_np256,0.8,True,True,True,1,1,True,False,True
2398,refine_np64,1.0,True,True,True,1,1,True,False,True
2398,sq8_np16,1.0,True,True,True,1,1,True,False,True
2398,sq8_np4,1.0,True,True,True,1,1,True,False,True
2398,sq8_np512,1.0,True,True,True,1,1,True,False,True
2398,sq8_np64,1.0,True,True,True,1,1,True,False,True
2398,sq8_np8,1.0,True,True,True,1,1,True,False,True
2404,mrl_512_sq8_np512,0.8,False,True,False,1,1,False,True,False
2404,pca_uc_384_sq8_np512,1.0,False,True,False,1,1,False,True,False
2404,pca_uc_512_sq8_np512,1.0,False,True,False,1,1,False,True,False
2404,pq_np256,0.8,True,True,True,1,1,True,False,False
2404,rabitq_np256,0.9,False,True,False,1,1,False,True,False
2404,refine_np64,0.9,False,True,False,1,1,True,False,False
2404,sq8_np16,0.9,False,True,False,1,1,False,True,False
2404,sq8_np4,0.9,False,True,False,1,1,False,True,False
2404,sq8_np512,1.0,False,True,False,1,1,False,False,False
2404,sq8_np64,1.0,False,True,False,1,1,False,True,False
2404,sq8_np8,0.9,False,True,False,1,1,False,True,False
2458,mrl_512_sq8_np512,0.8,True,True,True,1,1,False,True,True
2458,pca_uc_384_sq8_np512,0.9,True,True,True,1,1,True,False,True
2458,pca_uc_512_sq8_np512,1.0,True,True,True,1,1,False,True,True
2458,pq_np256,0.8,True,True,True,1,1,False,True,True
2458,rabitq_np256,0.9,True,True,True,1,1,False,True,True
2458,refine_np64,1.0,True,True,True,1,1,True,False,True
2458,sq8_np16,1.0,True,True,True,1,1,False,True,True
2458,sq8_np4,0.4,True,True,True,1,1,True,False,True
2458,sq8_np512,1.0,True,True,True,1,1,False,True,True
2458,sq8_np64,1.0,True,True,True,1,1,False,True,True
2458,sq8_np8,0.8,True,True,True,1,1,False,True,True
2468,mrl_512_sq8_np512,0.7,True,True,True,1,1,True,False,True
2468,pca_uc_384_sq8_np512,0.9,True,True,True,1,1,False,True,True
2468,pca_uc_512_sq8_np512,1.0,True,True,True,1,1,False,True,True
2468,pq_np256,0.9,True,True,True,1,1,False,True,True
2468,rabitq_np256,0.7,True,True,True,1,1,False,True,True
2468,refine_np64,0.9,True,True,True,1,1,False,True,True
2468,sq8_np16,0.9,True,True,True,1,1,False,True,True
2468,sq8_np4,0.9,True,True,True,1,1,False,True,True
2468,sq8_np512,1.0,True,True,True,1,1,True,False,True
2468,sq8_np64,0.9,True,True,True,1,1,False,True,True
2468,sq8_np8,0.9,True,True,True,1,1,True,False,True
2469,mrl_512_sq8_np512,0.8,True,False,False,1,0,True,False,True
2469,pca_uc_384_sq8_np512,0.9,True,False,False,1,0,True,False,True
2469,pca_uc_512_sq8_np512,0.9,True,False,False,1,0,True,False,True
2469,pq_np256,0.9,True,False,False,1,0,True,False,True
2469,rabitq_np256,0.8,True,False,False,1,0,True,False,True
2469,refine_np64,0.9,True,False,False,1,0,True,False,True
2469,sq8_np16,0.7,True,False,False,1,0,True,False,True
2469,sq8_np4,0.6,True,False,False,1,0,True,False,True
2469,sq8_np512,1.0,True,False,False,1,0,True,False,True
2469,sq8_np64,0.9,True,False,False,1,0,True,False,True
2469,sq8_np8,0.6,True,False,False,1,0,True,False,True
2495,mrl_512_sq8_np512,0.6,False,False,False,1,0,True,False,True
2495,pca_uc_384_sq8_np512,1.0,True,True,True,1,1,True,False,True
2495,pca_uc_512_sq8_np512,0.9,True,True,True,1,1,True,False,True
2495,pq_np256,0.8,True,True,True,1,1,True,False,True
2495,rabitq_np256,0.8,False,True,False,1,1,True,False,True
2495,refine_np64,1.0,True,True,True,1,1,True,False,True
2495,sq8_np16,1.0,True,True,True,1,1,True,False,True
2495,sq8_np4,1.0,True,True,True,1,1,True,False,True
2495,sq8_np512,1.0,True,True,True,1,1,True,False,True
2495,sq8_np64,1.0,True,True,True,1,1,True,False,True
2495,sq8_np8,1.0,True,True,True,1,1,True,False,True
2501,mrl_512_sq8_np512,0.8,True,True,True,1,1,True,False,True
2501,pca_uc_384_sq8_np512,0.9,True,True,True,1,1,True,False,True
2501,pca_uc_512_sq8_np512,0.9,True,True,True,1,1,True,False,True
2501,pq_np256,0.8,True,True,True,1,1,True,False,True
2501,rabitq_np256,0.8,True,True,True,1,1,True,False,True
2501,refine_np64,1.0,True,True,True,1,1,True,False,True
2501,sq8_np16,0.9,True,True,True,1,1,True,False,True
2501,sq8_np4,0.8,True,True,True,1,1,True,False,True
2501,sq8_np512,0.9,True,True,True,1,1,True,False,True
2501,sq8_np64,0.9,True,True,True,1,1,True,False,True
2501,sq8_np8,0.9,True,True,True,1,1,True,False,True
2502,mrl_512_sq8_np512,0.8,True,True,True,1,1,True,False,True
2502,pca_uc_384_sq8_np512,0.9,True,True,True,1,1,True,False,True
2502,pca_uc_512_sq8_np512,0.9,True,True,True,1,1,True,False,True
2502,pq_np256,0.9,True,True,True,1,1,False,True,True
2502,rabitq_np256,0.8,True,True,True,1,1,False,True,True
2502,refine_np64,1.0,True,True,True,1,1,True,False,True
2502,sq8_np16,1.0,True,True,True,1,1,True,False,True
2502,sq8_np4,1.0,True,True,True,1,1,True,False,True
2502,sq8_np512,1.0,True,True,True,1,1,True,False,True
2502,sq8_np64,1.0,True,True,True,1,1,True,False,True
2502,sq8_np8,1.0,True,True,True,1,1,True,False,True
2504,mrl_512_sq8_np512,0.8,True,True,False,1,1,False,False,True
2504,pca_uc_384_sq8_np512,1.0,True,True,False,1,1,False,False,True
2504,pca_uc_512_sq8_np512,0.9,True,True,False,1,1,False,False,True
2504,pq_np256,0.8,True,True,False,1,1,False,False,True
2504,rabitq_np256,0.8,True,True,False,1,1,False,False,True
2504,refine_np64,1.0,True,True,False,1,1,False,False,True
2504,sq8_np16,0.9,True,True,False,1,1,False,False,True
2504,sq8_np4,0.7,False,True,False,1,1,False,False,True
2504,sq8_np512,1.0,True,True,False,1,1,False,False,True
2504,sq8_np64,1.0,True,True,False,1,1,False,False,True
2504,sq8_np8,0.8,True,True,False,1,1,False,False,True
2528,mrl_512_sq8_np512,0.7,False,True,False,1,1,True,False,False
2528,pca_uc_384_sq8_np512,0.9,False,True,False,1,1,True,False,False
2528,pca_uc_512_sq8_np512,1.0,False,True,False,1,1,True,False,False
2528,pq_np256,0.8,False,True,False,1,1,True,False,False
2528,rabitq_np256,0.8,False,True,False,1,1,True,False,False
2528,refine_np64,1.0,False,True,False,1,1,True,False,False
2528,sq8_np16,1.0,False,True,False,1,1,True,False,False
2528,sq8_np4,0.6,False,True,False,1,1,True,False,False
2528,sq8_np512,1.0,False,True,False,1,1,True,False,False
2528,sq8_np64,1.0,False,True,False,1,1,True,False,False
2528,sq8_np8,1.0,False,True,False,1,1,True,False,False
2531,mrl_512_sq8_np512,0.8,True,False,False,1,0,False,False,True
2531,pca_uc_384_sq8_np512,0.9,True,False,False,1,0,False,False,True
2531,pca_uc_512_sq8_np512,1.0,True,False,False,1,0,False,False,True
2531,pq_np256,0.7,True,False,False,1,0,False,False,True
2531,rabitq_np256,0.8,True,False,False,1,0,False,False,True
2531,refine_np64,1.0,True,False,False,1,0,False,False,True
2531,sq8_np16,1.0,True,False,False,1,0,False,False,True
2531,sq8_np4,0.6,True,True,False,1,1,False,False,True
2531,sq8_np512,1.0,True,False,False,1,0,False,False,True
2531,sq8_np64,1.0,True,False,False,1,0,False,False,True
2531,sq8_np8,0.6,True,True,False,1,1,False,False,True
2611,mrl_512_sq8_np512,0.8,True,True,True,1,1,False,False,True
2611,pca_uc_384_sq8_np512,0.8,True,True,True,1,1,False,False,True
2611,pca_uc_512_sq8_np512,1.0,True,True,True,1,1,False,False,True
2611,pq_np256,0.9,True,True,True,1,1,False,False,True
2611,rabitq_np256,0.7,True,True,True,1,1,False,False,True
2611,refine_np64,1.0,True,True,True,1,1,False,False,True
2611,sq8_np16,1.0,True,True,True,1,1,False,False,True
2611,sq8_np4,1.0,True,True,True,1,1,False,False,True
2611,sq8_np512,1.0,True,True,True,1,1,False,False,True
2611,sq8_np64,1.0,True,True,True,1,1,False,False,True
2611,sq8_np8,1.0,True,True,True,1,1,False,False,True
2632,mrl_512_sq8_np512,0.7,True,True,True,1,1,True,False,True
2632,pca_uc_384_sq8_np512,0.9,True,True,True,1,1,True,False,True
2632,pca_uc_512_sq8_np512,1.0,True,True,True,1,1,True,False,True
2632,pq_np256,0.9,True,True,True,1,1,True,False,True
2632,rabitq_np256,0.8,True,True,True,1,1,True,False,True
2632,refine_np64,1.0,True,True,True,1,1,True,False,True
2632,sq8_np16,1.0,True,True,True,1,1,True,False,True
2632,sq8_np4,0.8,True,True,True,1,1,True,False,True
2632,sq8_np512,1.0,True,True,True,1,1,True,False,True
2632,sq8_np64,1.0,True,True,True,1,1,True,False,True
2632,sq8_np8,0.9,True,True,True,1,1,True,False,True
2633,mrl_512_sq8_np512,0.6,True,True,True,1,1,True,False,True
2633,pca_uc_384_sq8_np512,0.9,True,True,True,1,1,True,False,True
2633,pca_uc_512_sq8_np512,0.9,True,True,True,1,1,True,False,True
2633,pq_np256,0.7,True,True,True,1,1,True,False,True
2633,rabitq_np256,0.7,True,True,True,1,1,True,False,True
2633,refine_np64,0.8,True,True,True,1,1,True,False,True
2633,sq8_np16,0.7,True,True,True,1,1,True,False,True
2633,sq8_np4,0.2,True,True,True,1,1,True,False,True
2633,sq8_np512,1.0,True,True,True,1,1,True,False,True
2633,sq8_np64,0.8,True,True,True,1,1,True,False,True
2633,sq8_np8,0.5,True,True,True,1,1,True,False,True
2665,mrl_512_sq8_np512,0.7,True,False,False,1,0,False,True,True
2665,pca_uc_384_sq8_np512,0.9,True,False,False,1,0,False,True,True
2665,pca_uc_512_sq8_np512,0.9,True,False,False,1,0,False,True,True
2665,pq_np256,0.8,False,False,False,1,0,False,True,True
2665,rabitq_np256,0.7,False,False,False,1,0,False,True,True
2665,refine_np64,1.0,True,False,False,1,0,False,True,True
2665,sq8_np16,0.9,True,False,False,1,0,False,True,True
2665,sq8_np4,0.9,True,False,False,1,0,False,True,True
2665,sq8_np512,1.0,True,False,False,1,0,False,True,True
2665,sq8_np64,1.0,True,False,False,1,0,False,True,True
2665,sq8_np8,0.9,True,False,False,1,0,False,True,True
2728,mrl_512_sq8_np512,0.9,True,True,True,2,2,True,False,True
2728,pca_uc_384_sq8_np512,0.9,True,True,True,2,2,True,False,True
2728,pca_uc_512_sq8_np512,1.0,True,True,True,2,2,True,False,True
2728,pq_np256,0.8,True,True,True,2,2,True,False,True
2728,rabitq_np256,0.9,True,True,True,2,2,True,False,True
2728,refine_np64,0.9,True,True,True,2,2,True,False,True
2728,sq8_np16,0.8,True,True,True,2,2,True,False,True
2728,sq8_np4,0.6,True,True,True,2,2,True,False,True
2728,sq8_np512,1.0,True,True,True,2,2,True,False,True
2728,sq8_np64,0.9,True,True,True,2,2,True,False,True
2728,sq8_np8,0.8,True,True,True,2,2,True,False,True
2730,mrl_512_sq8_np512,0.7,True,True,True,1,1,True,False,True
2730,pca_uc_384_sq8_np512,0.9,True,True,True,1,1,True,False,True
2730,pca_uc_512_sq8_np512,1.0,True,True,True,1,1,True,False,True
2730,pq_np256,0.7,True,True,True,1,1,True,False,True
2730,rabitq_np256,0.6,True,True,True,1,1,True,False,True
2730,refine_np64,0.9,True,True,True,1,1,True,False,True
2730,sq8_np16,0.9,True,True,True,1,1,True,False,True
2730,sq8_np4,0.9,True,True,True,1,1,True,False,True
2730,sq8_np512,0.9,True,True,True,1,1,True,False,True
2730,sq8_np64,0.9,True,True,True,1,1,True,False,True
2730,sq8_np8,0.9,True,True,True,1,1,True,False,True
2778,mrl_512_sq8_np512,1.0,True,True,True,1,1,True,False,True
2778,pca_uc_384_sq8_np512,1.0,True,True,True,1,1,True,False,True
2778,pca_uc_512_sq8_np512,1.0,True,True,True,1,1,True,False,True
2778,pq_np256,0.9,True,True,True,1,1,True,False,True
2778,rabitq_np256,1.0,True,True,True,1,1,True,False,True
2778,refine_np64,1.0,True,True,True,1,1,True,False,True
2778,sq8_np16,1.0,True,True,True,1,1,True,False,True
2778,sq8_np4,0.9,True,True,True,1,1,True,False,True
2778,sq8_np512,1.0,True,True,True,1,1,True,False,True
2778,sq8_np64,1.0,True,True,True,1,1,True,False,True
2778,sq8_np8,1.0,True,True,True,1,1,True,False,True
2781,mrl_512_sq8_np512,0.7,True,True,True,1,1,True,False,True
2781,pca_uc_384_sq8_np512,0.8,True,True,True,1,1,True,False,True
2781,pca_uc_512_sq8_np512,1.0,True,True,True,1,1,True,False,True
2781,pq_np256,0.8,True,True,True,1,1,True,False,True
2781,rabitq_np256,0.6,False,True,False,1,1,False,True,True
2781,refine_np64,1.0,True,True,True,1,1,True,False,True
2781,sq8_np16,0.9,True,True,True,1,1,True,False,True
2781,sq8_np4,0.9,True,True,True,1,1,True,False,True
2781,sq8_np512,1.0,True,True,True,1,1,True,False,True
2781,sq8_np64,1.0,True,True,True,1,1,True,False,True
2781,sq8_np8,0.9,True,True,True,1,1,True,False,True
2896,mrl_512_sq8_np512,0.8,True,True,True,1,1,True,False,True
2896,pca_uc_384_sq8_np512,1.0,True,True,True,1,1,True,False,True
2896,pca_uc_512_sq8_np512,1.0,True,True,True,1,1,True,False,True
2896,pq_np256,1.0,True,True,True,1,1,True,False,True
2896,rabitq_np256,0.8,True,True,True,1,1,True,False,True
2896,refine_np64,1.0,True,True,True,1,1,True,False,True
2896,sq8_np16,1.0,True,True,True,1,1,True,False,True
2896,sq8_np4,1.0,True,True,True,1,1,True,False,True
2896,sq8_np512,1.0,True,True,True,1,1,True,False,True
2896,sq8_np64,1.0,True,True,True,1,1,True,False,True
2896,sq8_np8,1.0,True,True,True,1,1,True,False,True
2899,mrl_512_sq8_np512,0.9,True,False,False,1,0,True,False,True
2899,pca_uc_384_sq8_np512,1.0,True,False,False,1,0,True,False,True
2899,pca_uc_512_sq8_np512,1.0,True,False,False,1,0,True,False,True
2899,pq_np256,0.8,True,False,False,1,0,True,False,True
2899,rabitq_np256,0.9,True,False,False,1,0,False,True,True
2899,refine_np64,1.0,True,False,False,1,0,False,True,True
2899,sq8_np16,1.0,True,False,False,1,0,False,True,True
2899,sq8_np4,1.0,True,False,False,1,0,False,True,True
2899,sq8_np512,1.0,True,False,False,1,0,False,True,True
2899,sq8_np64,1.0,True,False,False,1,0,False,True,True
2899,sq8_np8,1.0,True,False,False,1,0,True,False,True
3076,mrl_512_sq8_np512,1.0,True,True,True,1,1,True,False,True
3076,pca_uc_384_sq8_np512,0.9,True,True,True,1,1,True,False,True
3076,pca_uc_512_sq8_np512,0.9,True,True,True,1,1,True,False,True
3076,pq_np256,0.9,True,True,True,1,1,True,False,True
3076,rabitq_np256,0.9,True,True,True,1,1,True,False,True
3076,refine_np64,0.9,True,True,True,1,1,True,False,True
3076,sq8_np16,0.9,True,True,True,1,1,True,False,True
3076,sq8_np4,0.9,True,True,True,1,1,True,False,True
3076,sq8_np512,0.9,True,True,True,1,1,True,False,True
3076,sq8_np64,0.9,True,True,True,1,1,True,False,True
3076,sq8_np8,0.9,True,True,True,1,1,True,False,True
3081,mrl_512_sq8_np512,0.7,True,True,True,1,1,False,False,True
3081,pca_uc_384_sq8_np512,1.0,True,True,True,1,1,True,False,True
3081,pca_uc_512_sq8_np512,1.0,True,True,True,1,1,True,False,True
3081,pq_np256,0.9,True,True,True,1,1,True,False,True
3081,rabitq_np256,0.7,True,True,True,1,1,True,False,True
3081,refine_np64,1.0,True,True,True,1,1,True,False,True
3081,sq8_np16,1.0,True,True,True,1,1,True,False,True
3081,sq8_np4,1.0,True,True,True,1,1,True,False,True
3081,sq8_np512,1.0,True,True,True,1,1,True,False,True
3081,sq8_np64,1.0,True,True,True,1,1,True,False,True
3081,sq8_np8,1.0,True,True,True,1,1,True,False,True
3095,mrl_512_sq8_np512,0.8,False,True,False,1,1,False,True,True
3095,pca_uc_384_sq8_np512,0.9,True,True,True,1,1,False,True,True
3095,pca_uc_512_sq8_np512,1.0,True,True,True,1,1,False,True,True
3095,pq_np256,0.7,False,True,False,1,1,False,True,True
3095,rabitq_np256,0.8,True,True,True,1,1,False,True,True
3095,refine_np64,1.0,True,True,True,1,1,False,True,True
3095,sq8_np16,0.9,True,True,True,1,1,False,True,True
3095,sq8_np4,0.2,False,False,False,1,0,False,True,True
3095,sq8_np512,1.0,True,True,True,1,1,False,True,True
3095,sq8_np64,1.0,True,True,True,1,1,False,True,True
3095,sq8_np8,0.6,True,True,True,1,1,False,True,True
3153,mrl_512_sq8_np512,0.8,True,True,False,1,1,False,True,True
3153,pca_uc_384_sq8_np512,0.9,True,True,False,1,1,False,True,True
3153,pca_uc_512_sq8_np512,0.9,True,True,False,1,1,False,True,True
3153,pq_np256,0.6,True,True,False,1,1,False,True,True
3153,rabitq_np256,0.7,True,True,False,1,1,False,True,True
3153,refine_np64,0.8,True,True,False,1,1,False,True,True
3153,sq8_np16,0.7,True,True,False,1,1,False,True,True
3153,sq8_np4,0.7,True,True,False,1,1,True,False,True
3153,sq8_np512,0.9,True,True,False,1,1,True,False,True
3153,sq8_np64,0.8,True,True,False,1,1,False,True,True
3153,sq8_np8,0.7,True,True,False,1,1,False,True,True
3204,mrl_512_sq8_np512,0.8,True,False,False,2,0,True,False,True
3204,pca_uc_384_sq8_np512,0.9,True,False,False,2,0,True,False,True
3204,pca_uc_512_sq8_np512,1.0,True,False,False,2,0,True,False,True
3204,pq_np256,0.6,True,False,False,2,0,True,False,True
3204,rabitq_np256,0.9,True,False,False,2,0,True,False,True
3204,refine_np64,1.0,True,False,False,2,0,True,False,True
3204,sq8_np16,0.9,True,False,False,2,0,True,False,True
3204,sq8_np4,0.7,True,False,False,2,0,True,False,True
3204,sq8_np512,1.0,True,False,False,2,0,True,False,True
3204,sq8_np64,1.0,True,False,False,2,0,True,False,True
3204,sq8_np8,0.9,True,False,False,2,0,True,False,True
3224,mrl_512_sq8_np512,1.0,True,False,False,1,0,False,False,True
3224,pca_uc_384_sq8_np512,1.0,True,False,False,1,0,False,True,True
3224,pca_uc_512_sq8_np512,1.0,True,False,False,1,0,False,False,True
3224,pq_np256,0.9,True,False,False,1,0,False,True,True
3224,rabitq_np256,0.8,True,False,False,1,0,False,True,True
3224,refine_np64,1.0,True,False,False,1,0,False,False,True
3224,sq8_np16,1.0,True,False,False,1,0,False,False,True
3224,sq8_np4,1.0,True,False,False,1,0,False,False,True
3224,sq8_np512,1.0,True,False,False,1,0,False,False,True
3224,sq8_np64,1.0,True,False,False,1,0,False,False,True
3224,sq8_np8,1.0,True,False,False,1,0,False,True,True
3258,mrl_512_sq8_np512,0.9,True,True,True,1,1,False,True,True
3258,pca_uc_384_sq8_np512,1.0,True,True,True,1,1,False,True,True
3258,pca_uc_512_sq8_np512,1.0,True,True,True,1,1,False,True,True
3258,pq_np256,1.0,True,True,True,1,1,False,True,True
3258,rabitq_np256,0.9,True,True,True,1,1,False,True,True
3258,refine_np64,1.0,True,True,True,1,1,False,True,True
3258,sq8_np16,0.9,True,True,True,1,1,False,True,True
3258,sq8_np4,0.8,True,True,True,1,1,False,True,True
3258,sq8_np512,1.0,True,True,True,1,1,False,True,True
3258,sq8_np64,1.0,True,True,True,1,1,False,True,True
3258,sq8_np8,0.9,True,True,True,1,1,False,True,True
3282,mrl_512_sq8_np512,0.7,True,True,True,1,1,True,False,True
3282,pca_uc_384_sq8_np512,1.0,True,True,True,1,1,True,False,True
3282,pca_uc_512_sq8_np512,1.0,True,True,True,1,1,True,False,True
3282,pq_np256,0.8,True,True,True,1,1,True,False,True
3282,rabitq_np256,0.8,True,True,True,1,1,True,False,True
3282,refine_np64,1.0,True,True,True,1,1,True,False,True
3282,sq8_np16,0.9,True,True,True,1,1,True,False,True
3282,sq8_np4,0.9,True,True,True,1,1,True,False,True
3282,sq8_np512,1.0,True,True,True,1,1,True,False,True
3282,sq8_np64,1.0,True,True,True,1,1,True,False,True
3282,sq8_np8,0.9,True,True,True,1,1,True,False,True
3310,mrl_512_sq8_np512,0.8,True,True,True,1,1,False,True,True
3310,pca_uc_384_sq8_np512,1.0,True,True,True,1,1,True,False,True
3310,pca_uc_512_sq8_np512,1.0,True,True,True,1,1,True,False,True
3310,pq_np256,1.0,True,True,True,1,1,True,False,True
3310,rabitq_np256,0.9,True,True,True,1,1,False,True,True
3310,refine_np64,1.0,True,True,True,1,1,False,True,True
3310,sq8_np16,0.9,True,True,True,1,1,False,True,True
3310,sq8_np4,0.9,True,True,True,1,1,False,True,True
3310,sq8_np512,1.0,True,True,True,1,1,False,True,True
3310,sq8_np64,1.0,True,True,True,1,1,False,True,True
3310,sq8_np8,0.9,True,True,True,1,1,False,True,True
3348,mrl_512_sq8_np512,0.8,True,True,True,1,1,True,False,True
3348,pca_uc_384_sq8_np512,0.8,True,True,True,1,1,True,False,True
3348,pca_uc_512_sq8_np512,0.9,True,True,True,1,1,True,False,True
3348,pq_np256,0.8,True,True,True,1,1,True,False,True
3348,rabitq_np256,0.9,True,True,True,1,1,True,False,True
3348,refine_np64,1.0,True,True,True,1,1,True,False,True
3348,sq8_np16,1.0,True,True,True,1,1,True,False,True
3348,sq8_np4,1.0,True,True,True,1,1,True,False,True
3348,sq8_np512,1.0,True,True,True,1,1,True,False,True
3348,sq8_np64,1.0,True,True,True,1,1,True,False,True
3348,sq8_np8,1.0,True,True,True,1,1,True,False,True
3362,mrl_512_sq8_np512,0.9,True,True,True,1,1,True,False,True
3362,pca_uc_384_sq8_np512,1.0,True,True,True,1,1,True,False,True
3362,pca_uc_512_sq8_np512,1.0,True,True,True,1,1,True,False,True
3362,pq_np256,0.9,True,True,True,1,1,True,False,True
3362,rabitq_np256,0.9,True,True,True,1,1,True,False,True
3362,refine_np64,1.0,True,True,True,1,1,True,False,True
3362,sq8_np16,1.0,True,True,True,1,1,True,False,True
3362,sq8_np4,1.0,True,True,True,1,1,True,False,True
3362,sq8_np512,1.0,True,True,True,1,1,True,False,True
3362,sq8_np64,1.0,True,True,True,1,1,True,False,True
3362,sq8_np8,1.0,True,True,True,1,1,True,False,True
3417,mrl_512_sq8_np512,0.9,True,True,True,1,1,False,True,True
3417,pca_uc_384_sq8_np512,1.0,True,True,True,1,1,False,False,True
3417,pca_uc_512_sq8_np512,1.0,True,True,True,1,1,False,True,True
3417,pq_np256,0.9,True,True,True,1,1,True,False,True
3417,rabitq_np256,0.8,True,True,True,1,1,False,True,True
3417,refine_np64,1.0,True,True,True,1,1,False,True,True
3417,sq8_np16,1.0,True,True,True,1,1,False,True,True
3417,sq8_np4,1.0,True,True,True,1,1,False,True,True
3417,sq8_np512,1.0,True,True,True,1,1,False,True,True
3417,sq8_np64,1.0,True,True,True,1,1,False,True,True
3417,sq8_np8,1.0,True,True,True,1,1,False,True,True
3478,mrl_512_sq8_np512,0.9,False,True,False,1,1,True,False,False
3478,pca_uc_384_sq8_np512,1.0,False,True,False,1,1,True,False,False
3478,pca_uc_512_sq8_np512,1.0,False,True,False,1,1,True,False,False
3478,pq_np256,0.9,False,True,False,1,1,True,False,False
3478,rabitq_np256,0.9,False,True,False,1,1,True,False,False
3478,refine_np64,1.0,False,True,False,1,1,True,False,False
3478,sq8_np16,1.0,False,True,False,1,1,True,False,False
3478,sq8_np4,0.8,False,True,False,1,1,True,False,False
3478,sq8_np512,1.0,False,True,False,1,1,True,False,False
3478,sq8_np64,1.0,False,True,False,1,1,True,False,False
3478,sq8_np8,0.9,False,True,False,1,1,True,False,False
3503,mrl_512_sq8_np512,0.8,True,True,True,1,1,True,False,True
3503,pca_uc_384_sq8_np512,1.0,True,True,True,1,1,True,False,True
3503,pca_uc_512_sq8_np512,1.0,True,True,True,1,1,True,False,True
3503,pq_np256,0.9,True,True,True,1,1,True,False,True
3503,rabitq_np256,0.9,True,True,True,1,1,True,False,True
3503,refine_np64,1.0,True,True,True,1,1,True,False,True
3503,sq8_np16,1.0,True,True,True,1,1,True,False,True
3503,sq8_np4,1.0,True,True,True,1,1,True,False,True
3503,sq8_np512,1.0,True,True,True,1,1,True,False,True
3503,sq8_np64,1.0,True,True,True,1,1,True,False,True
3503,sq8_np8,1.0,True,True,True,1,1,True,False,True
3558,mrl_512_sq8_np512,0.8,True,True,True,2,2,True,False,True
3558,pca_uc_384_sq8_np512,1.0,True,True,True,2,2,True,False,True
3558,pca_uc_512_sq8_np512,1.0,True,True,True,2,2,True,False,True
3558,pq_np256,1.0,True,True,True,2,2,True,False,True
3558,rabitq_np256,0.9,True,True,True,2,2,True,False,True
3558,refine_np64,1.0,True,True,True,2,2,True,False,True
3558,sq8_np16,1.0,True,True,True,2,2,True,False,True
3558,sq8_np4,1.0,True,True,True,2,2,True,False,True
3558,sq8_np512,1.0,True,True,True,2,2,True,False,True
3558,sq8_np64,1.0,True,True,True,2,2,True,False,True
3558,sq8_np8,1.0,True,True,True,2,2,True,False,True
3568,mrl_512_sq8_np512,0.5,True,True,True,1,1,True,False,True
3568,pca_uc_384_sq8_np512,0.8,True,True,True,1,1,True,False,True
3568,pca_uc_512_sq8_np512,0.9,True,True,True,1,1,True,False,True
3568,pq_np256,0.8,True,True,True,1,1,True,False,True
3568,rabitq_np256,0.8,True,True,True,1,1,False,True,True
3568,refine_np64,0.9,False,False,False,1,0,False,True,True
3568,sq8_np16,0.9,False,False,False,1,0,False,True,True
3568,sq8_np4,0.8,False,False,False,1,0,False,True,True
3568,sq8_np512,1.0,True,True,True,1,1,True,False,True
3568,sq8_np64,0.9,False,False,False,1,0,False,True,True
3568,sq8_np8,0.9,False,False,False,1,0,False,True,True
3570,mrl_512_sq8_np512,0.6,False,False,False,1,0,False,True,True
3570,pca_uc_384_sq8_np512,0.9,True,True,True,1,1,True,False,True
3570,pca_uc_512_sq8_np512,0.9,True,True,True,1,1,True,False,True
3570,pq_np256,0.9,True,True,True,1,1,True,False,True
3570,rabitq_np256,0.7,True,True,True,1,1,True,False,True
3570,refine_np64,1.0,True,True,True,1,1,True,False,True
3570,sq8_np16,0.8,True,True,True,1,1,True,False,True
3570,sq8_np4,0.3,True,True,True,1,1,False,True,True
3570,sq8_np512,1.0,True,True,True,1,1,False,False,True
3570,sq8_np64,1.0,True,True,True,1,1,False,False,True
3570,sq8_np8,0.6,True,True,True,1,1,True,False,True
3591,mrl_512_sq8_np512,0.7,True,True,True,1,1,False,True,True
3591,pca_uc_384_sq8_np512,1.0,True,True,True,1,1,False,True,True
3591,pca_uc_512_sq8_np512,1.0,True,True,True,1,1,False,True,True
3591,pq_np256,0.8,True,True,True,1,1,False,True,True
3591,rabitq_np256,0.6,True,True,True,1,1,False,True,True
3591,refine_np64,1.0,True,True,True,1,1,False,True,True
3591,sq8_np16,0.8,True,True,True,1,1,False,True,True
3591,sq8_np4,0.6,False,False,False,1,0,False,True,True
3591,sq8_np512,1.0,True,True,True,1,1,False,True,True
3591,sq8_np64,1.0,True,True,True,1,1,False,True,True
3591,sq8_np8,0.7,True,True,True,1,1,False,True,True
3606,mrl_512_sq8_np512,0.9,True,True,True,1,1,False,True,True
3606,pca_uc_384_sq8_np512,1.0,True,True,True,1,1,False,True,True
3606,pca_uc_512_sq8_np512,1.0,True,True,True,1,1,False,True,True
3606,pq_np256,0.9,True,True,True,1,1,False,True,True
3606,rabitq_np256,0.9,True,True,True,1,1,False,True,True
3606,refine_np64,1.0,True,True,True,1,1,False,True,True
3606,sq8_np16,0.9,True,True,True,1,1,False,True,True
3606,sq8_np4,0.7,True,True,True,1,1,False,True,True
3606,sq8_np512,1.0,True,True,True,1,1,False,True,True
3606,sq8_np64,1.0,True,True,True,1,1,False,True,True
3606,sq8_np8,0.9,True,True,True,1,1,True,False,True
3609,mrl_512_sq8_np512,0.7,True,True,True,1,1,True,True,True
3609,pca_uc_384_sq8_np512,0.9,True,True,True,1,1,True,False,True
3609,pca_uc_512_sq8_np512,1.0,True,True,True,1,1,True,False,True
3609,pq_np256,0.7,True,True,True,1,1,True,False,True
3609,rabitq_np256,0.9,True,True,True,1,1,True,False,True
3609,refine_np64,1.0,True,True,True,1,1,True,False,True
3609,sq8_np16,1.0,True,True,True,1,1,True,False,True
3609,sq8_np4,0.9,True,True,True,1,1,True,False,True
3609,sq8_np512,1.0,True,True,True,1,1,True,False,True
3609,sq8_np64,1.0,True,True,True,1,1,True,False,True
3609,sq8_np8,1.0,True,True,True,1,1,True,False,True
