path,day_index,sessions,turns,chars,count_tokens,cumulative_tokens,in_s,in_m,in_l
2025-01-06.md,0,5,31,33330,13278,0,True,True,True
2025-01-07.md,1,4,19,19336,7679,13278,True,True,True
2025-01-08.md,2,4,20,21003,8421,20957,True,True,True
2025-01-09.md,3,3,19,19743,7804,29378,True,True,True
2025-01-10.md,4,3,10,10044,4074,37182,True,True,True
2025-01-13.md,5,5,28,28123,11196,41256,True,True,True
2025-01-14.md,6,4,18,18838,7502,52452,True,True,True
2025-01-15.md,7,5,23,25873,10276,59954,True,True,True
2025-01-16.md,8,4,22,25104,9886,70230,True,True,True
2025-01-17.md,9,4,13,14450,5719,80116,True,True,True
2025-01-20.md,10,4,29,30809,12299,85835,True,True,True
2025-01-21.md,11,5,22,24947,9952,98134,False,True,True
2025-01-22.md,12,2,13,14530,5784,108086,False,True,True
2025-01-23.md,13,4,23,25160,10049,113870,False,True,True
2025-01-24.md,14,4,16,18739,7408,123919,False,True,True
2025-01-27.md,15,3,18,19862,7934,131327,False,True,True
2025-01-28.md,16,2,9,9095,3654,139261,False,True,True
2025-01-29.md,17,3,19,22032,8688,142915,False,True,True
2025-01-30.md,18,3,13,14023,5617,151603,False,True,True
2025-01-31.md,19,3,18,21868,8547,157220,False,True,True
2025-02-03.md,20,3,18,20730,8090,165767,False,True,True
2025-02-04.md,21,4,16,16781,6748,173857,False,True,True
2025-02-05.md,22,5,32,33645,13358,180605,False,True,True
2025-02-06.md,23,3,19,21844,8616,193963,False,True,True
2025-02-07.md,24,4,20,23140,9093,202579,False,True,True
2025-02-10.md,25,4,23,24820,9849,211672,False,True,True
2025-02-11.md,26,2,14,15666,6184,221521,False,True,True
2025-02-12.md,27,4,20,21223,8449,227705,False,True,True
2025-02-13.md,28,5,25,27013,10630,236154,False,True,True
2025-02-14.md,29,3,11,13503,5299,246784,False,True,True
2025-02-17.md,30,4,24,26773,10561,252083,False,True,True
2025-02-18.md,31,4,26,28845,11376,262644,False,True,True
2025-02-19.md,32,2,8,9744,3824,274020,False,True,True
2025-02-20.md,33,4,28,31313,12323,277844,False,True,True
2025-02-21.md,34,3,11,10268,4117,290167,False,True,True
2025-02-24.md,35,2,7,7002,2796,294284,False,True,True
2025-02-25.md,36,2,8,9104,3610,297080,False,True,True
2025-02-26.md,37,4,16,17161,6708,300690,False,True,True
2025-02-27.md,38,2,13,14705,5815,307398,False,True,True
2025-02-28.md,39,5,33,36397,14464,313213,False,True,True
2025-03-03.md,40,3,11,12428,4880,327677,False,True,True
2025-03-04.md,41,2,12,13365,5298,332557,False,True,True
2025-03-05.md,42,4,22,25021,9811,337855,False,True,True
2025-03-06.md,43,5,23,25354,10081,347666,False,True,True
2025-03-07.md,44,4,25,25522,10231,357747,False,True,True
2025-03-10.md,45,2,7,8729,3376,367978,False,True,True
2025-03-11.md,46,3,15,16822,6621,371354,False,True,True
2025-03-12.md,47,5,32,35570,14141,377975,False,True,True
2025-03-13.md,48,5,23,24931,9884,392116,False,False,True
2025-03-14.md,49,4,19,22979,9050,402000,False,False,True
2025-03-17.md,50,2,14,15399,6118,411050,False,False,True
2025-03-18.md,51,4,27,29596,11887,417168,False,False,True
2025-03-19.md,52,5,26,29686,11781,429055,False,False,True
2025-03-20.md,53,4,22,23556,9408,440836,False,False,True
2025-03-21.md,54,5,27,30500,12023,450244,False,False,True
2025-03-24.md,55,5,20,21256,8424,462267,False,False,True
2025-03-25.md,56,2,12,13145,5239,470691,False,False,True
2025-03-26.md,57,2,11,11614,4686,475930,False,False,True
2025-03-27.md,58,5,22,24746,9858,480616,False,False,True
2025-03-28.md,59,2,14,15538,6233,490474,False,False,True
2025-03-31.md,60,5,24,25912,10270,496707,False,False,True
2025-04-01.md,61,5,34,35373,14142,506977,False,False,True
2025-04-02.md,62,2,7,9388,3581,521119,False,False,True
2025-04-03.md,63,2,11,11381,4483,524700,False,False,True
2025-04-04.md,64,3,20,22712,9031,529183,False,False,True
2025-04-07.md,65,2,11,12968,5105,538214,False,False,True
2025-04-08.md,66,2,12,14612,5787,543319,False,False,True
2025-04-09.md,67,5,27,32211,12625,549106,False,False,True
2025-04-10.md,68,2,13,14931,5880,561731,False,False,True
2025-04-11.md,69,4,21,22900,9092,567611,False,False,True
2025-04-14.md,70,2,12,12792,5131,576703,False,False,True
2025-04-15.md,71,3,16,17959,7111,581834,False,False,True
2025-04-16.md,72,2,9,9255,3726,588945,False,False,True
2025-04-17.md,73,5,24,28005,11033,592671,False,False,True
2025-04-18.md,74,3,18,17284,6897,603704,False,False,True
2025-04-21.md,75,4,22,24809,9902,610601,False,False,True
2025-04-22.md,76,2,16,15910,6531,620503,False,False,True
2025-04-23.md,77,3,20,21202,8428,627034,False,False,True
2025-04-24.md,78,2,10,11174,4437,635462,False,False,True
2025-04-25.md,79,3,12,13602,5348,639899,False,False,True
2025-04-28.md,80,4,22,24439,9712,645247,False,False,True
2025-04-29.md,81,5,28,29233,11633,654959,False,False,True
2025-04-30.md,82,3,14,16281,6406,666592,False,False,True
2025-05-01.md,83,4,17,20354,7975,672998,False,False,True
2025-05-02.md,84,4,26,27787,11162,680973,False,False,True
2025-05-05.md,85,5,23,23531,9452,692135,False,False,True
2025-05-06.md,86,3,23,25108,9970,701587,False,False,True
2025-05-07.md,87,3,10,10448,4205,711557,False,False,True
2025-05-08.md,88,3,21,23094,9109,715762,False,False,True
2025-05-09.md,89,5,29,33386,13223,724871,False,False,True
2025-05-12.md,90,3,16,17110,6925,738094,False,False,True
2025-05-13.md,91,2,12,13521,5323,745019,False,False,True
2025-05-14.md,92,4,21,24531,9687,750342,False,False,True
2025-05-15.md,93,5,26,28720,11451,760029,False,False,True
2025-05-16.md,94,5,30,35940,14195,771480,False,False,True
2025-05-19.md,95,2,11,10584,4310,785675,False,False,True
2025-05-20.md,96,5,32,34858,13819,789985,False,False,True
2025-05-21.md,97,5,35,38244,15277,803804,False,False,True
2025-05-22.md,98,4,22,24851,9698,819081,False,False,True
2025-05-23.md,99,4,23,26251,10369,828779,False,False,True
2025-05-26.md,100,2,9,10220,4076,839148,False,False,True
2025-05-27.md,101,2,10,10455,4123,843224,False,False,True
2025-05-28.md,102,3,16,15725,6357,847347,False,False,True
2025-05-29.md,103,5,34,37748,14993,853704,False,False,True
2025-05-30.md,104,3,20,21788,8780,868697,False,False,True
2025-06-02.md,105,5,26,27097,10847,877477,False,False,True
2025-06-03.md,106,2,13,15467,6139,888324,False,False,True
2025-06-04.md,107,3,12,13401,5312,894463,False,False,True
2025-06-05.md,108,5,23,23531,9411,899775,False,False,True
2025-06-06.md,109,4,23,25451,10095,909186,False,False,True
2025-06-09.md,110,5,34,39973,15874,919281,False,False,True
2025-06-10.md,111,4,22,24934,9895,935155,False,False,True
2025-06-11.md,112,2,12,13693,5404,945050,False,False,True
2025-06-12.md,113,5,27,32251,12630,950454,False,False,True
2025-06-13.md,114,4,20,24329,9513,963084,False,False,True
2025-06-16.md,115,2,9,9599,3835,972597,False,False,True
2025-06-17.md,116,3,18,19501,7631,976432,False,False,True
2025-06-18.md,117,2,10,13168,5116,984063,False,False,True
2025-06-19.md,118,4,25,27011,10737,989179,False,False,True
2025-06-20.md,119,4,28,30606,12031,999916,False,False,True
2025-06-23.md,120,4,21,22321,8776,1011947,False,False,True
2025-06-24.md,121,3,21,24548,9584,1020723,False,False,True
2025-06-25.md,122,4,25,28659,11281,1030307,False,False,True
2025-06-26.md,123,3,15,16780,6702,1041588,False,False,True
2025-06-27.md,124,5,21,24394,9716,1048290,False,False,True
2025-06-30.md,125,5,23,24031,9599,1058006,False,False,True
2025-07-01.md,126,3,17,19292,7691,1067605,False,False,True
2025-07-02.md,127,4,15,18116,7133,1075296,False,False,True
2025-07-03.md,128,2,13,14211,5665,1082429,False,False,True
2025-07-04.md,129,4,18,21113,8344,1088094,False,False,True
2025-07-07.md,130,3,15,17694,7008,1096438,False,False,True
2025-07-08.md,131,4,24,24250,9670,1103446,False,False,True
2025-07-09.md,132,4,17,19195,7563,1113116,False,False,True
2025-07-10.md,133,3,18,19639,7791,1120679,False,False,True
2025-07-11.md,134,5,25,29520,11588,1128470,False,False,True
2025-07-14.md,135,2,13,13806,5541,1140058,False,False,True
2025-07-15.md,136,2,12,13418,5349,1145599,False,False,True
2025-07-16.md,137,5,32,35320,13821,1150948,False,False,True
2025-07-17.md,138,3,19,21380,8514,1164769,False,False,True
2025-07-18.md,139,2,11,12213,4926,1173283,False,False,True
2025-07-21.md,140,2,8,8904,3503,1178209,False,False,True
2025-07-22.md,141,3,15,16393,6501,1181712,False,False,True
2025-07-23.md,142,2,11,13198,5215,1188213,False,False,True
2025-07-24.md,143,3,22,24910,9872,1193428,False,False,True
2025-07-25.md,144,5,26,49104,18606,1203300,False,False,True
