qid,question,expected_files,expected_symbols,difficulty,category,notes,scaling_subset,in_stuffed_prefix,expected_files_last_modified,excluded,exclusion_reason
q01,Where is the resolution of a request's dependencies actually performed?,fastapi/dependencies/utils.py,solve_dependencies,locate,dependencies,Core DI entry point; the single function every request passes through,true,all,2026-07-27T17:16:40Z,false,
q02,Which function converts arbitrary Python objects into JSON-compatible types before they are serialised into a response?,fastapi/encoders.py,jsonable_encoder,locate,serialization,Single well-known public helper with an unambiguous home,true,all,2026-07-28T12:28:18Z,false,
q03,Where is the handler that turns a request validation error into a 422 response defined?,fastapi/exception_handlers.py,request_validation_exception_handler,locate,errors,Small dedicated module; tests whether an arm finds the definition rather than a usage,true,all,2025-09-16T19:21:48+02:00,false,
q04,Where is the application's complete OpenAPI schema assembled from its routes?,fastapi/openapi/utils.py,get_openapi,locate,openapi,Distinguishing the assembler from FastAPI.openapi() which merely calls it,false,all,2026-07-27T17:16:40Z,false,
q05,Which function produces the Swagger UI HTML page?,fastapi/openapi/docs.py,get_swagger_ui_html,locate,openapi,Docs-UI module is separate from schema generation,false,all,2026-02-24T09:28:10Z,false,
q06,Which helper decides whether a given HTTP status code is allowed to carry a response body?,fastapi/utils.py,is_body_allowed_for_status_code,locate,responses,Small utility; hard to reach from parametric memory without naming the file,true,all,2026-02-11T18:41:21Z,false,
q07,Where is the Server-Sent Events response class defined?,fastapi/sse.py,EventSourceResponse,locate,streaming,Recent module; recency is recorded rather than avoided,false,all,2026-07-28T15:14:58Z,false,
q08,Where is OAuth2PasswordBearer implemented?,fastapi/security/oauth2.py,OAuth2PasswordBearer,locate,security,Heavily documented symbol; a likely parametric hit and useful as such,false,all,2026-03-24T17:32:10+01:00,false,
q09,"Where is FastAPI's UploadFile defined, and what does it subclass?",fastapi/datastructures.py,UploadFile,locate,request parsing,Location is non-obvious from the public import path,false,all,2026-03-15T12:44:39+01:00,false,
q10,Where is the middleware that closes the exit stack used by dependencies with yield?,fastapi/middleware/asyncexitstack.py,AsyncExitStackMiddleware,locate,middleware,One-class module; described by behaviour rather than by name,false,all,2025-09-29T05:29:38+02:00,false,
q11,Where is the implementation behind the `fastapi` command-line entry point?,fastapi/cli.py,main,locate,cli,Thin shim that delegates to fastapi_cli; tests precision about which file,false,all,2026-05-11T16:59:50+02:00,false,
q12,Where are the unit tests for jsonable_encoder?,tests/test_jsonable_encoder.py,jsonable_encoder,locate,tests,Deliberately outside the library so the question set is not confined to fastapi/,false,all,2026-08-05T09:34:07+02:00,false,
q13,Where is the documentation example showing three dependencies with yield that depend on each other?,docs_src/dependencies/tutorial008_an_py310.py,dependency_a;dependency_b;dependency_c,locate,docs examples,Requires distinguishing one tutorial variant among many near-identical ones,false,all,2026-02-12T14:19:43+01:00,false,
q14,Where is the script that builds the documentation site and regenerates the README?,scripts/docs.py,generate_readme;build_lang,locate,tooling,Repo tooling; outside both the library and its tests,false,none,2026-06-27T12:47:35Z,false,
q15,Which CI workflow runs the test suite?,.github/workflows/test.yml,test;coverage-combine,locate,ci,Non-Python file; checks the arms are not implicitly Python-only,false,none,2026-08-03T19:39:15+02:00,false,
q16,"What does APIRoute.get_route_handler return, and what wraps the object it returns?",fastapi/routing.py,get_route_handler;get_request_handler;request_response,trace,routing,Handler construction chain inside one large file,true,all,2026-07-29T19:04:36+02:00,false,
q17,What does the handler built by get_request_handler call to invoke the endpoint function and to serialise its return value?,fastapi/routing.py,get_request_handler;run_endpoint_function;serialize_response,trace,routing,Two named callees; both must be found to answer fully,true,all,2026-07-29T19:04:36+02:00,false,
q18,What does serialize_response do when the route declares no response field?,fastapi/routing.py;fastapi/encoders.py,serialize_response;jsonable_encoder,trace,serialization,Crosses from routing into encoders via the else branch,false,all,2026-07-29T19:04:36+02:00,false,
q19,"What does FastAPI.openapi() call to build the schema, and what makes repeated calls cheap?",fastapi/applications.py;fastapi/openapi/utils.py,openapi;get_openapi,trace,openapi,Caching behaviour is the second half of the answer,false,all,2026-07-29T16:31:28+02:00,false,
q20,What routes does FastAPI.setup() add to the application?,fastapi/applications.py;fastapi/openapi/docs.py,setup;get_swagger_ui_html;get_redoc_html;get_swagger_ui_oauth2_redirect_html,trace,openapi,Four registered routes; partial answers are visible in the symbol score,false,all,2026-07-29T16:31:28+02:00,false,
q21,What does get_dependant call for each parameter in an endpoint's signature?,fastapi/dependencies/utils.py,get_dependant;analyze_param,trace,dependencies,Single-file trace; the callee name is not guessable from the caller,true,all,2026-07-27T17:16:40Z,false,
q22,What does solve_dependencies call to turn the incoming request into endpoint arguments?,fastapi/dependencies/utils.py,solve_dependencies;request_params_to_args;request_body_to_args,trace,dependencies,Two distinct callees covering params and body,true,all,2026-07-27T17:16:40Z,false,
q23,What does HTTPBearer.__call__ do when the Authorization header's scheme is not bearer?,fastapi/security/http.py,HTTPBearer;make_not_authenticated_error,trace,security,Behaviour depends on auto_error; both branches are part of the answer,false,all,2026-03-16T11:16:48+01:00,false,
q24,"What does contextmanager_in_threadpool do with the context manager's __exit__, and why does it use a separate capacity limiter?",fastapi/concurrency.py,contextmanager_in_threadpool,trace,concurrency,The why is written in a comment in the source; unlikely to be recalled parametrically,false,all,2025-12-17T21:25:59Z,false,
q25,What does FastAPI.build_middleware_stack() add that Starlette's version does not?,fastapi/applications.py;fastapi/middleware/asyncexitstack.py,build_middleware_stack;AsyncExitStackMiddleware,trace,middleware,Override exists solely to insert one middleware,false,all,2026-07-29T16:31:28+02:00,false,
q26,What does generate_unique_id use to build a route's operation ID?,fastapi/utils.py,generate_unique_id,trace,openapi,Small function; answer is the exact composition of name path and method,false,all,2026-02-11T18:41:21Z,false,
q27,"What does calling Depends() return, and what is that object's type?",fastapi/param_functions.py;fastapi/params.py,Depends,trace,dependencies,The function and the class share a name across two files,false,all,2026-05-11T16:59:50+02:00,false,
q28,"What does format_sse_event produce for an event that has data, an event name and an id?",fastapi/sse.py,format_sse_event;ServerSentEvent,trace,streaming,Recent module; wire-format detail is in the source not in the docs,false,all,2026-07-28T15:14:58Z,false,
q29,What does the background-tasks tutorial's get_query dependency do with the BackgroundTasks object?,docs_src/background_tasks/tutorial002_an_py310.py,get_query;write_log,trace,docs examples,Short example file; tests retrieval precision among tutorial variants,false,all,2023-03-18T13:29:59+01:00,false,
q30,What does the release-preparation script do to the version file?,scripts/prepare_release.py,bump_version;update_version_file;prepare,trace,tooling,Repo tooling; outside the library and its tests,false,none,2026-05-31T16:00:38Z,false,
q31,"When request parsing raises a validation error, which handler formats the 422 response and where is that handler registered on the application?",fastapi/exception_handlers.py;fastapi/applications.py,request_validation_exception_handler;RequestValidationError,multi_hop,errors,Crosses handler definition and its registration site,true,all,2026-07-29T16:31:28+02:00,false,
q32,"How does a dependency declared with yield get its cleanup code run after the response, and which middleware makes that possible?",fastapi/dependencies/utils.py;fastapi/middleware/asyncexitstack.py;fastapi/applications.py,solve_dependencies;AsyncExitStackMiddleware;build_middleware_stack,multi_hop,dependencies,Three hops: solver exit stack middleware and where it is installed,false,all,2026-07-29T16:31:28+02:00,false,
q33,How does a Query(...) declaration on an endpoint parameter end up as a parameter entry in the generated OpenAPI document?,fastapi/param_functions.py;fastapi/params.py;fastapi/openapi/utils.py,Query;get_openapi_path;_get_openapi_operation_parameters,multi_hop,openapi,Declaration to field to schema; three files,false,all,2026-07-27T17:16:40Z,false,
q34,How does an endpoint whose return value does not match its response model produce a server error rather than a malformed response?,fastapi/routing.py;fastapi/exceptions.py,serialize_response;ResponseValidationError,multi_hop,serialization,Validation failure path on the response side rather than the request side,false,all,2026-07-29T19:04:36+02:00,false,
q35,"How is the OpenAPI schema served over HTTP, and what stops it being regenerated on every request?",fastapi/applications.py;fastapi/openapi/utils.py,setup;openapi;get_openapi,multi_hop,openapi,Route registration plus the caching attribute,false,all,2026-07-29T16:31:28+02:00,false,
q36,How does include_router combine a router's prefix tags and dependencies with those already on the parent?,fastapi/applications.py;fastapi/routing.py,include_router,multi_hop,routing,Same method name on both the app and the router,false,all,2026-07-29T19:04:36+02:00,false,
q37,How does a parameter annotated as SecurityScopes get populated for a dependency declared with Security(...)?,fastapi/security/oauth2.py;fastapi/dependencies/utils.py;fastapi/params.py,SecurityScopes;Security;get_dependant;solve_dependencies,multi_hop,security,Declaration analysis at build time and population at solve time,true,all,2026-07-27T17:16:40Z,false,
q38,How is the documentation example for dependencies with yield exercised by the test suite?,docs_src/dependencies/tutorial008_an_py310.py;tests/test_tutorial/test_dependencies/test_tutorial008.py,dependency_a;dependency_b,multi_hop,tests,Links an example file to the test that imports it,false,all,2026-02-12T14:19:43+01:00,false,
q39,"How does a translated documentation page get built, and what determines which languages exist?",scripts/docs.py;.github/workflows/build-docs.yml,build_lang;get_lang_paths;langs,multi_hop,docs tooling,Crosses tooling and CI; neither file is Python library code,false,none,2026-08-07T19:06:24+02:00,false,
q40,"How does an uploaded file reach an endpoint parameter declared with File(), and what type does the endpoint receive?",fastapi/param_functions.py;fastapi/params.py;fastapi/datastructures.py;fastapi/dependencies/utils.py,File;UploadFile;request_body_to_args;_extract_form_body,multi_hop,request parsing,Four-file path from declaration through form extraction to the value,false,all,2026-07-27T17:16:40Z,false,
