qid,arm,stratum,hops,repo,question,expected_documents,answer,judge_correct,judge_reason,any_doc_hit,turns,stop_reason,wall_clock_s,started_at,cost_total_billed,cost_agent_billed,cost_judge_billed,note
ws8_q001,parametric,hop1,1,rust-lang/rust,"In rust-lang/rust, someone reported: ""ConstantIndex and Index not flagged as potential aliases"" What was this eventually traced to, and what resolved it?",rust-lang__rust__160525.md,"I don't have access to the actual issue thread content (no source document was provided for this question), so I can't verify what this was traced to or how it was resolved. I'd be guessing rather than citing a specific source, so I can't answer this reliably.",False,"The candidate declines to answer, stating it cannot determine the resolution, thus failing to identify the expected issue thread rust-lang/rust#160525.",0,1,end_turn,8.391,2026-09-11T09:55:01Z,0.0126,0.00708,0.00552,
ws8_q002,parametric,hop1,1,rust-lang/rust,"In rust-lang/rust, someone reported: ""tests/ui/codegen/huge-stacks.rs fails in a constrained QEMU environment where the guest has 1 GB of RAM"" What was this eventually traced to, and what resolved it?",rust-lang__rust__158557.md,"I don't have access to a specific document (e.g., an `owner__repo__NNNN.md` file) containing the details of this issue, so I can't reliably confirm what the root cause was traced to or how it was resolved. Could you provide the relevant issue/PR document so I can give an accurate, cited answer?",False,"The answer declines to identify the issue or resolution, stating it lacks access, which is a non-answer rather than naming rust-lang/rust#158557.",0,1,end_turn,10.098,2026-09-11T09:55:12Z,0.014267,0.008522,0.005745,
ws8_q003,parametric,hop1,1,rust-lang/rust,"In rust-lang/rust, someone reported: ""rustc suggests incorrect labeling of try block"" What was this eventually traced to, and what resolved it?",rust-lang__rust__160987.md,"I don't have access to the specific GitHub issue/thread content in question, so I can't verify what this was traced to or how it was resolved. I don't have a matching document (e.g., a `rust-lang__rust__XXXXX.md` file) available to cite for this issue, so I can't provide a reliable, sourced answer rather than guessing.",False,"The answer declines to identify the issue or resolution, stating it cannot determine the answer, which fails to identify rust-lang/rust#160987.",0,1,end_turn,3.56,2026-09-11T09:55:24Z,0.008572,0.002972,0.0056,
ws8_q004,parametric,hop1,1,rust-lang/rust,"In rust-lang/rust, someone reported: ""Tracking issue for release notes of #…: Convert `-Ctarget-cpu` into a target-modifier for AVR, AMDGCN and NVPTX"" What was this eventually traced to, and what resolved it?",rust-lang__rust__159823.md,"I don't have enough information to answer this question. The document referencing this specific issue about ""Convert `-Ctarget-cpu` into a target-modifier for AVR, AMDGCN and NVPTX"" is not available in the materials I can access, so I cannot determine what it was traced to or how it was resolved.

If you can provide the specific issue number or additional context/documents, I'd be able to give you a more precise answer.",False,"The answer declines to identify the issue or its resolution, failing to name rust-lang/rust#159823 or describe any cause or fix.",0,1,end_turn,2.052,2026-09-11T09:55:31Z,0.007546,0.001716,0.00583,
ws8_q005,parametric,hop1,1,kubernetes/kubernetes,"In kubernetes/kubernetes, someone reported: ""EvictionRequest: add CRUD tests for conformance"" What was this eventually traced to, and what resolved it?",kubernetes__kubernetes__140523.md,"I don't have enough information from the available documents to answer this—there is no document in my source set (e.g., a `kubernetes__kubernetes__NNNNN.md` file) covering an issue titled ""EvictionRequest: add CRUD tests for conformance."" I can't determine the root cause or resolution without that source material.",False,"The answer declines to identify any issue or resolution, failing to name kubernetes/kubernetes#140523 or describe its cause and fix.",0,1,end_turn,2.805,2026-09-11T09:55:35Z,0.008054,0.002474,0.00558,
ws8_q006,parametric,hop1,1,rust-lang/rust,"In rust-lang/rust, someone reported: ""Tracking Issue for `std::fs::MediaDirs` (`feature(fs_media_dirs)`)"" What was this eventually traced to, and what resolved it?",rust-lang__rust__162083.md,"I don't have enough information to answer this question. I don't have access to a document about this specific GitHub issue (""Tracking Issue for `std::fs::MediaDirs` (`feature(fs_media_dirs)`)"") in rust-lang/rust, so I cannot determine what it was traced to or how it was resolved.",False,"The candidate declines to answer, failing to identify the expected issue thread (rust-lang/rust#162083) or its resolution.",0,1,end_turn,1.733,2026-09-11T09:55:40Z,0.006934,0.001384,0.00555,
ws8_q007,parametric,hop1,1,rust-lang/rust,"In rust-lang/rust, someone reported: ""Undefined symbol with panic=abort and sysroot compiled in debug mode"" What was this eventually traced to, and what resolved it?",rust-lang__rust__159682.md,"I don't have access to the specific GitHub issue thread you're referencing (no document such as `rust-lang__rust__<issue_number>.md` was provided to me for this question), so I can't confirm what the root cause was traced to or how it was resolved.

If you can share the issue number or the relevant document/thread content, I can analyze it and give you a precise, cited answer.",False,"The answer declines to identify the issue or resolution, stating it lacks access, which fails to name rust-lang/rust#159682 or its cause and fix.",0,1,end_turn,2.415,2026-09-11T09:55:44Z,0.007282,0.001512,0.00577,
ws8_q008,parametric,hop1,1,rust-lang/rust,"In rust-lang/rust, someone reported: ""Tracking issue for release notes of #…: Tracking Issue for `strip_circumfix`"" What was this eventually traced to, and what resolved it?",rust-lang__rust__157850.md,"I don't have enough information to answer this question. I don't have access to a document or dataset containing the specific GitHub issue thread from rust-lang/rust about a ""Tracking issue for release notes"" referencing ""strip_circumfix,"" so I cannot determine what it was traced to or what resolved it.

If you can provide the relevant document/issue content (e.g., an `owner__repo__NNNN.md` file), I can analyze it and give a precise, cited answer.",False,"The answer declines to identify any issue or resolution, failing to name rust-lang/rust#157850 or describe the cause and fix.",0,1,end_turn,3.256,2026-09-11T09:55:50Z,0.007592,0.001822,0.00577,
ws8_q009,parametric,hop1,1,rust-lang/rust,"In rust-lang/rust, someone reported: ""[ICE]: debuginfo: `has escaping bound vars, so it cannot be wrapped in a dummy binder.`"" What was this eventually traced to, and what resolved it?",rust-lang__rust__159576.md,"I don't have access to the specific GitHub issue document you're referencing (no document like `rust-lang__rust__XXXXX.md` was provided in this conversation for me to review).

Could you share the issue content or number, or provide the relevant document text? Without the actual source material, I can't accurately determine what the ICE was traced to or how it was resolved—I'd only be guessing, which I want to avoid.",False,"The candidate declined to answer, stating it lacked the source material, so it fails to identify issue #159576 or its cause and resolution.",0,1,end_turn,2.378,2026-09-11T09:55:55Z,0.007377,0.001652,0.005725,
ws8_q010,parametric,hop1,1,rust-lang/rust,"In rust-lang/rust, someone reported: ""`MIR_borrow_checking` scales with captured-type nesting when an async block is boxed at a distinct return region (the `#[async_trait]` shape)"" What was this eventually traced to, and what resolved it?",rust-lang__rust__158224.md,"I don't have access to a document in my available corpus for this specific issue — I can't find a file matching ""rust-lang/rust"" that discusses this ""MIR_borrow_checking scales with captured-type nesting"" / async_trait boxing report, so I cannot determine the root cause or fix from the provided sources.

If you can share or point me to the specific GitHub issue/PR document (e.g., its filename), I can give a precise, cited answer.",False,"The answer declines to identify any issue or resolution, failing to name rust-lang/rust#158224 or describe the cause and fix.",0,1,end_turn,2.331,2026-09-11T09:56:00Z,0.007627,0.001792,0.005835,
ws8_q011,parametric,hop1,1,kubernetes/kubernetes,"In kubernetes/kubernetes, someone reported: ""Kubelet emits transient `object ""<ns>""/""<name>"" not registered` (FailedMount) on cold start"" What was this eventually traced to, and what resolved it?",kubernetes__kubernetes__140037.md,"I don't have access to the actual GitHub issue content or repository documents for this question—no relevant document (e.g., a `kubernetes__kubernetes__*.md` file) was provided to me in this conversation for that issue.

If you can share the issue thread or number, I can help analyze what it was traced to and how it was resolved.",False,"The answer declines to identify any issue, failing to name kubernetes/kubernetes#140037 or describe the cause and resolution.",0,1,end_turn,2.035,2026-09-11T09:56:04Z,0.007017,0.001402,0.005615,
ws8_q012,parametric,hop1,1,kubernetes/kubernetes,"In kubernetes/kubernetes, someone reported: ""apiserver: return 4xx instead of 500 for invalid Binding target fields"" What was this eventually traced to, and what resolved it?",kubernetes__kubernetes__139488.md,"I don't have enough reliable information from the available documents to answer this accurately. I don't have a specific document (e.g., a `kubernetes__kubernetes__NNNNN.md` file) in my available context that covers this particular issue about apiserver returning 4xx instead of 500 for invalid Binding target fields, so I can't confirm what it was traced to or how it was resolved without guessing.

If you can point me to the issue number or provide the relevant document, I can give a precise, cited answer.",False,"The candidate declines to answer, failing to identify issue kubernetes/kubernetes#139488 or its cause and resolution.",0,1,end_turn,8.715,2026-09-11T09:56:08Z,0.012678,0.006878,0.0058,
ws8_q013,parametric,hop1,1,kubernetes/kubernetes,"In kubernetes/kubernetes, someone reported: ""CPUManager distribute-cpus-across-cores relies on CPU numbering order instead of topology"" What was this eventually traced to, and what resolved it?",kubernetes__kubernetes__140688.md,"I don't have access to the specific document for this issue/PR thread, so I can't reliably cite an exact filename or confirm the precise root cause and fix that were agreed upon in that discussion. 

From general familiarity with this area of the Kubernetes CPUManager code (the `distributeCPUsAcrossCores` logic in `pkg/kubelet/cm/cpumanager/cpu_assignment.go`), the type of bug being described is that the algorithm picked ""sibling"" hyperthread CPUs by assuming a fixed numeric relationship between CPU IDs (e.g., that CPU N and CPU N+halfOfCPUs, or N and N+1, are always siblings on the same physical core), rather than consulting the actual topology information (`CPUDetails`) that maps CPU IDs to physical cores. This assumption breaks on machines whose CPU numbering doesn't follow that convention, causing CPUs from the same physical core to be selected together even though the policy is meant to spread allocations across distinct physical cores.

Since I can't verify the exact issue/PR number or confirm the specific commit that resolved it from a source document, I'll refrain from guessing a filename or exact PR — I don't have enough verified information to state definitively what the maintainers concluded and which patch merged to fix it.",False,"The answer explicitly declines to identify the issue thread or the resolution, offering only speculative general context and hedging without committing to a specific report or fix.",0,1,end_turn,31.922,2026-09-11T09:56:19Z,0.036005,0.02869,0.007315,
ws8_q014,parametric,hop1,1,rust-lang/rust,"In rust-lang/rust, someone reported: ""`f128` on wasm does not support maximum intrinsic"" What was this eventually traced to, and what resolved it?",rust-lang__rust__158673.md,"I don't have enough verified information from the actual GitHub thread to answer this accurately, and I don't have a specific document (e.g., an `owner__repo__NNNN.md` file) available that covers this exact issue about ""`f128` on wasm does not support maximum intrinsic."" 

Rather than guess at the root cause or fix, I'll say plainly: I cannot determine the answer from available sources. If you can provide the issue number or the corresponding document content, I can give you a precise, cited answer.",False,"The answer explicitly declines to determine the cause or resolution, failing to identify the issue thread rust-lang/rust#158673.",0,1,end_turn,4.194,2026-09-11T09:56:53Z,0.009378,0.003608,0.00577,
ws8_q015,parametric,hop1,1,rust-lang/rust,"In rust-lang/rust, someone reported: ""Safe custom `Pattern` can bind a valid `Searcher` to a different haystack, causing out-of-bounds reads"" What was this eventually traced to, and what resolved it?",rust-lang__rust__158265.md,"This was traced to the `Searcher`/`ReverseSearcher` traits in `core::str::pattern` being **safe** traits to implement, even though the standard library's string‑matching code relies on the invariant that a `Searcher`'s `next()`/`next_match()` results always correspond to the exact haystack it was created for. Because the traits were safe, a custom (safe) `Pattern`/`Searcher` implementation could return indices that didn't actually belong to the haystack passed to the internal `str` methods, which then used those indices with `get_unchecked`, leading to out‑of‑bounds memory reads.

The fix was to make the `Searcher` (and related `ReverseSearcher`) traits `unsafe trait`s, with the safety invariants documented explicitly, so that implementing them now requires `unsafe impl` and the implementor is responsible for upholding the haystack/index invariants — closing the soundness hole.

(Reference: `rust-lang__rust__101132.md`)",False,"The answer cites issue 101132 and an unsafe-trait fix, not the expected issue 158265, so it identifies the wrong thread and resolution.",0,1,end_turn,15.458,2026-09-11T09:57:00Z,0.020937,0.014062,0.006875,
ws8_q016,parametric,hop1,1,kubernetes/kubernetes,"In kubernetes/kubernetes, someone reported: ""tainteviction controller does not durably retry pod deletion on denial"" What was this eventually traced to, and what resolved it?",kubernetes__kubernetes__140639.md,"I don't have enough information to answer this—I don't have access to the specific issue/PR document (e.g., a `kubernetes__kubernetes__XXXXX.md` file) that would contain the root cause and fix details for this reported taint-eviction controller bug, so I can't confirm what it was traced to or how it was resolved.",False,"The answer declines to identify the issue or resolution, stating it lacks information, which fails to commit to any specific report.",0,1,end_turn,3.217,2026-09-11T09:57:18Z,0.008343,0.002958,0.005385,
ws8_q017,parametric,hop1,1,rust-lang/rust,"In rust-lang/rust, someone reported: ""Using rustc with an LLVM compiled with `-Os` results in SIGSEGVs/infinite loops"" What was this eventually traced to, and what resolved it?",rust-lang__rust__160393.md,"I don't have access to a specific document (e.g., a file like `rust-lang__rust__XXXXX.md`) containing this issue thread, so I can't verify the details of what this was traced to or how it was resolved. Could you provide the issue number or share the relevant document so I can give an accurate, cited answer?",False,"The answer declines to identify the issue or resolution, stating it cannot verify details, which fails to name the expected issue thread.",0,1,end_turn,1.888,2026-09-11T09:57:24Z,0.006817,0.001342,0.005475,
ws8_q018,parametric,hop1,1,rust-lang/rust,"In rust-lang/rust, someone reported: ""Exponential compile time increase with generic_const_exprs and recursive trait bounds"" What was this eventually traced to, and what resolved it?",rust-lang__rust__159934.md,"I don't have access to the specific GitHub issue or PR thread content for this rust-lang/rust report (""Exponential compile time increase with generic_const_exprs and recursive trait bounds""), so I cannot determine from available documents what it was traced to or what resolved it.

If you can provide the document/issue number (e.g., a file like `rust-lang__rust__XXXXX.md`) or more context from the thread, I can give a precise, cited answer.",False,"The answer declines to identify the issue or its resolution, failing to name rust-lang/rust#159934 or describe the cause and fix.",0,1,end_turn,2.619,2026-09-11T09:57:28Z,0.007574,0.001804,0.00577,
ws8_q019,parametric,hop1,1,kubernetes/kubernetes,"In kubernetes/kubernetes, someone reported: ""Memory Manager pod-scope restore compares container blocks with the pod request"" What was this eventually traced to, and what resolved it?",kubernetes__kubernetes__141069.md,"I don't have enough verified information to confidently identify and cite the specific GitHub issue/PR document (e.g., a `kubernetes__kubernetes__NNNNN.md` file) that corresponds to this report, so I can't reliably answer with a proper citation rather than guessing.

What I can say from general knowledge of the Memory Manager code is that this class of bug (pod-scope restore comparing summed container memory blocks against the pod-level requested memory) has historically been traced to a mismatch between how the Memory Manager's state file computes ""blocks"" per container versus how the pod's total requested memory is computed via the pod resource-request helper — particularly once init containers (and later restartable/sidecar init containers) are involved, since their requests are aggregated differently (e.g., ""max"" semantics for regular init containers vs. ""sum"" semantics once sidecars run concurrently) than the simple sum of active container blocks tracked by the Memory Manager. The fix in such cases has generally been to align the restore-time comparison logic with the correct pod-level resource-request calculation (accounting for terminated/non-restartable init containers and sidecar containers) so the two figures match again, rather than failing pod admission or wiping the checkpoint state.

However, since I cannot pinpoint or verify the exact issue/PR document for this specific report, I'd rather flag that clearly than provide a fabricated citation. If you can point me to the issue number or repository path, I can give a precise, well-cited answer.",False,"The answer explicitly declines to identify the issue thread, hedging with general speculation instead of committing to the expected document (kubernetes/kubernetes#141069).",0,1,end_turn,32.923,2026-09-11T09:57:33Z,0.036139,0.028434,0.007705,
ws8_q020,parametric,hop1,1,rust-lang/rust,"In rust-lang/rust, someone reported: ""Inline const errors are opt-level-dependent"" What was this eventually traced to, and what resolved it?",rust-lang__rust__160964.md,"I don't have access to the specific GitHub issue thread you're referencing (rust-lang/rust ""Inline const errors are opt-level-dependent""), and I cannot find a corresponding document to cite for this question.

I cannot provide a reliable answer without access to that issue's content. Could you share the issue text or number, or confirm the document filename (e.g., `rust-lang__rust__XXXXX.md`) so I can look into it further?",False,"The answer declines to identify the issue or its resolution, stating it cannot determine the answer, which fails to match the expected document.",0,1,end_turn,2.675,2026-09-11T09:58:08Z,0.007315,0.00173,0.005585,
ws8_q021,parametric,hop1,1,kubernetes/kubernetes,"In kubernetes/kubernetes, someone reported: ""[PodLevelResources] In-place pod resize events do not capture pod-level resources"" What was this eventually traced to, and what resolved it?",kubernetes__kubernetes__141606.md,"I don't have access to the specific GitHub issue/PR document (e.g., a file like `kubernetes__kubernetes__XXXXX.md`) needed to verify the exact root cause and fix for this report. Since I can't locate the corresponding document in the provided set, I can't confidently cite what it was traced to or how it was resolved.

If you can point me to the specific issue number or provide the document content, I can give a precise, cited answer.",False,"The answer declines to identify the issue or its resolution, failing to name kubernetes/kubernetes#141606 or describe any cause or fix.",0,1,end_turn,7.129,2026-09-11T09:58:13Z,0.011765,0.00592,0.005845,
ws8_q022,parametric,hop1,1,rust-lang/rust,"In rust-lang/rust, someone reported: ""Building std for wasm32-wasip3 fails due to missing target_env = ""p3"" in library/std/src/os/mod.rs"" What was this eventually traced to, and what resolved it?",rust-lang__rust__161479.md,"I don't have access to the specific GitHub issue/PR thread you're referring to (no document such as `rust-lang__rust__<issue_number>.md` was provided to me for this query), so I can't confirm what it was eventually traced to or what resolved it.

Could you provide the issue number or share the relevant document/thread content? That would let me give you an accurate, cited answer.",False,"The candidate answer declines to identify any issue or resolution, failing to name rust-lang/rust#161479 or describe the cause and fix.",0,1,end_turn,2.755,2026-09-11T09:58:22Z,0.007324,0.001564,0.00576,
ws8_q023,parametric,hop1,1,rust-lang/rust,"In rust-lang/rust, someone reported: ""rustfmt chokes on ""impl const Trait"" output by rustc --unpretty=expanded"" What was this eventually traced to, and what resolved it?",rust-lang__rust__158599.md,"I don't have access to a document titled or matching ""rust-lang/rust"" issue about ""rustfmt chokes on 'impl const Trait' output by rustc --unpretty=expanded"" in my available materials, so I cannot verify what this was traced to or how it was resolved.

If you can share the specific issue/PR content (e.g., a file like `rust-lang__rust__XXXXX.md`), I can analyze it and give you a precise, cited answer.",False,"The answer declines to identify the issue or its resolution, stating it cannot determine the answer, which fails to identify rust-lang/rust#158599.",0,1,end_turn,3.132,2026-09-11T09:58:27Z,0.007702,0.001812,0.00589,
ws8_q024,parametric,hop1,1,rust-lang/rust,"In rust-lang/rust, someone reported: ""Several bugs stemming from use of `f32`/`float` for discarded vector outputs in x86-64 inline asm"" What was this eventually traced to, and what resolved it?",rust-lang__rust__159418.md,"I don't have access to the specific GitHub issue/document (no file such as `rust-lang__rust__*.md` about this was provided to me), so I can't verify the exact root cause and fix from the actual thread. Could you provide the issue number or the relevant document content so I can give you an accurate, cited answer?",False,"The candidate declined to answer, providing no identification of the issue thread, cause, or resolution.",0,1,end_turn,2.042,2026-09-11T09:58:32Z,0.006591,0.001336,0.005255,
ws8_q025,parametric,hop1,1,kubernetes/kubernetes,"In kubernetes/kubernetes, someone reported: ""kubectl patch: 'map does not contain declared merge key' error lacks actionable context"" What was this eventually traced to, and what resolved it?",kubernetes__kubernetes__141112.md,"I don't have access to a document matching this specific issue in my available references, so I can't verify what it was traced to or how it was resolved. I don't want to guess without citing a source. Could you confirm the issue number or provide additional context so I can locate the correct kubernetes/kubernetes thread?",False,"The answer declines to identify any issue or resolution, failing to name kubernetes/kubernetes#141112 or describe the cause and fix.",0,1,end_turn,3.857,2026-09-11T09:58:37Z,0.008682,0.003102,0.00558,
ws8_q026,parametric,hop1,1,kubernetes/kubernetes,"In kubernetes/kubernetes, someone reported: ""`networking.k8s.io/v1` `requests-per-second` `unable to fetch metrics from custom metrics API: no custom metrics API (custom.metrics.k8s.io) registered`"" What was this eventually traced to, and what resolved it?",kubernetes__kubernetes__140735.md,"I don't have enough information to answer this question accurately. I don't have access to a document matching this specific issue about `networking.k8s.io/v1`, `requests-per-second`, and the custom metrics API error in kubernetes/kubernetes to determine what it was traced to or how it was resolved.

Could you provide more context or confirm the issue number/filename so I can give you an accurate answer?",False,"The candidate declines to answer, providing no identification of the issue or resolution, which fails the grading criteria.",0,1,end_turn,2.024,2026-09-11T09:58:43Z,0.007307,0.001662,0.005645,
ws8_q027,parametric,hop1,1,rust-lang/rust,"In rust-lang/rust, someone reported: ""[regression] Linker warnings when building Miri on macOS"" What was this eventually traced to, and what resolved it?",rust-lang__rust__161561.md,"I don't have access to a document matching this specific issue (""[regression] Linker warnings when building Miri on macOS"") in the provided set, so I can't verify what it was traced to or how it was resolved. Could you confirm the issue number or provide the relevant document filename so I can give an accurate, cited answer?",False,"The answer declines to identify the issue or its resolution, failing to name rust-lang/rust#161561 or describe the cause and fix.",0,1,end_turn,3.672,2026-09-11T09:58:47Z,0.007893,0.002408,0.005485,
ws8_q028,parametric,hop1,1,rust-lang/rust,"In rust-lang/rust, someone reported: ""Tracking issue for release notes of #…: stabilize feature `float_algebraic`"" What was this eventually traced to, and what resolved it?",rust-lang__rust__157864.md,"I don't have enough information to answer this question. The excerpt you've provided is very generic (a typical tracking-issue template for release notes on a feature stabilization), but I don't have access to a specific document in my current context that contains this exact issue thread with its investigation and resolution details.

Could you provide the issue number or additional details/content from the thread? Without the actual source document (e.g., a file like `rust-lang__rust__XXXXX.md`), I cannot accurately determine what the problem was traced to or how it was resolved.",False,"The answer declines to identify any issue or resolution, stating it lacks information, which fails to identify the expected thread rust-lang/rust#157864.",0,1,end_turn,3.036,2026-09-11T09:58:53Z,0.007981,0.002006,0.005975,
ws8_q029,parametric,hop1,1,kubernetes/kubernetes,"In kubernetes/kubernetes, someone reported: ""[Flaking Test] load overall (/home/prow/go/src/k8s.io/perf-tests/clusterloader2/testing/load/config.yaml)"" What was this eventually traced to, and what resolved it?",kubernetes__kubernetes__139494.md,"I don't have access to the actual content of that GitHub issue thread in kubernetes/kubernetes, so I cannot determine what the flaking test was eventually traced to or what resolved it.

If you can share the issue number or relevant details/logs from the thread, I can help analyze the root cause and resolution based on that information.",False,"The answer declines to identify the issue or its resolution, failing to name kubernetes/kubernetes#139494 or describe any cause or fix.",0,1,end_turn,2.07,2026-09-11T09:58:59Z,0.007185,0.00141,0.005775,
ws8_q030,parametric,hop1,1,rust-lang/rust,"In rust-lang/rust, someone reported: ""[ICE]: `invalid immediate for given destination place: scalar value has wrong size`"" What was this eventually traced to, and what resolved it?",rust-lang__rust__161510.md,"I don't have access to the specific GitHub issue thread or document referencing ""rust-lang/rust"" with the ICE titled ""[ICE]: `invalid immediate for given destination place: scalar value has wrong size`"" in my available materials, so I cannot determine the root cause or the fix from the provided context.

If you can share the relevant document (e.g., an issue/PR markdown file like `rust-lang__rust__XXXXX.md`), I can analyze it and give you a precise answer with citation.",False,"The answer declines to identify the issue or resolution, failing to name rust-lang/rust#161510 or describe the cause and fix.",0,1,end_turn,3.399,2026-09-11T09:59:03Z,0.007773,0.001948,0.005825,
ws8_q031,parametric,hop2,2,rust-lang/rust,"In rust-lang/rust, someone reported: ""`Drop` impl of `UniqueArcUninit` is behind `cfg(not(no_global_oom_handling))`"" What was this eventually traced to, and what resolved it?",rust-lang__rust__159651.md;rust-lang__rust__159644.md,"I don't have access to a specific document/thread that confirms the exact root cause and fix for this report, so I can't reliably cite a source or give a precise answer. If you can share the issue/PR text (or its filename) I can analyze it directly.",False,"The candidate declines to answer, failing to identify the issue thread or the cause and resolution, which counts as incorrect.",0,1,end_turn,34.323,2026-09-11T09:59:08Z,0.035495,0.03007,0.005425,
ws8_q032,parametric,hop2,2,rust-lang/rust,"In rust-lang/rust, someone reported: ""[ICE]: `Found unstable fingerprints for explicit_supertraits_containing_assoc_item`"" What was this eventually traced to, and what resolved it?",rust-lang__rust__158093.md;rust-lang__rust__157702.md,"I don't have access to a specific document for this issue in my provided corpus, so I can't cite an exact filename with confidence, and I don't want to fabricate a root cause that isn't verifiable from the source thread. 

Based on general knowledge of similar `-Zincremental-verify-ich`/""unstable fingerprint"" ICEs in rustc, these are typically traced to a query whose cached result depends on some non-deterministic ordering (e.g., iteration order of a `HashSet`/`HashMap`, or a `Span`/position-dependent value leaking into the query output) rather than a genuine correctness bug, and the fix is usually to make the query's output deterministic (e.g., by sorting the result or removing the offending non-deterministic data before it gets hashed into the query fingerprint).

However, I can't confirm the specific root cause and fix for this particular `explicit_supertraits_containing_assoc_item` ICE without the actual issue/PR document, so I'd rather flag that I cannot verify the precise details than guess. If you can point me to the specific document (e.g., `rust-lang__rust__XXXXX.md`), I can give a precise, well-cited answer.",False,"The answer explicitly declines to identify the issue or its resolution, offering only speculative general reasoning, so it fails to name the expected threads or fix.",0,1,end_turn,30.444,2026-09-11T09:59:45Z,0.033762,0.026572,0.00719,
ws8_q033,parametric,hop2,2,rust-lang/rust,"In rust-lang/rust, someone reported: ""Tracking issue for release notes of #…: Stabilize `bool::toggle`"" What was this eventually traced to, and what resolved it?",rust-lang__rust__161462.md;rust-lang__rust__160299.md,"I don't have access to a specific document containing this issue in my knowledge base, so I can't verify the details of what this tracking issue for `bool::toggle` release notes was traced to or how it was resolved. Could you provide the document/file (e.g., a filename like `rust-lang__rust__XXXXX.md`) so I can give you an accurate, cited answer?",False,"The candidate declines to answer, stating it cannot determine the issue or resolution, failing to identify the expected issue threads.",0,1,end_turn,2.213,2026-09-11T10:00:18Z,0.007079,0.001494,0.005585,
ws8_q034,parametric,hop2,2,rust-lang/rust,"In rust-lang/rust, someone reported: ""Suggest `impl Fn()` in return type when trying to return a closure coerced to `fn()` pointer"" What was this eventually traced to, and what resolved it?",rust-lang__rust__159481.md;rust-lang__rust__159594.md,"I don't have access to the specific GitHub issue/PR content you're referring to (no documents were provided in this conversation for me to reference). I can't verify what the report in rust-lang/rust about ""Suggest `impl Fn()` in return type when trying to return a closure coerced to `fn()` pointer"" was eventually traced to or what resolved it.

If you can share the issue thread text/document (e.g., a file like `rust-lang__rust__XXXX.md`), I can analyze it and give you a precise, cited answer.",False,"The answer declines to identify any issue or resolution, stating it lacks access to the documents, which is a non-answer.",0,1,end_turn,2.848,2026-09-11T10:00:22Z,0.007855,0.00204,0.005815,
ws8_q035,parametric,hop2,2,rust-lang/rust,"In rust-lang/rust, someone reported: ""Tracking issue for release notes of #…: Enable `static_position_independent_executables` on all gnu and musl targets"" What was this eventually traced to, and what resolved it?",rust-lang__rust__158987.md;rust-lang__rust__158510.md,I don't have enough information in the provided documents to answer this question—no document matching this issue (regarding `static_position_independent_executables` on gnu/musl targets) was included in the context available to me. Could you provide the relevant GitHub issue/PR file or number so I can identify the correct source?,False,"The candidate declines to answer, stating it lacks information, and thus fails to identify the expected issue threads or resolution.",0,1,end_turn,1.882,2026-09-11T10:00:28Z,0.006771,0.001276,0.005495,
ws8_q036,parametric,hop2,2,kubernetes/kubernetes,"In kubernetes/kubernetes, someone reported: ""High cardinality on apiserver_request_terminations_total metric"" What was this eventually traced to, and what resolved it?",kubernetes__kubernetes__141007.md;kubernetes__kubernetes__141092.md,"I don't have access to the specific document containing this issue's details, so I can't confirm what the high cardinality on `apiserver_request_terminations_total` was traced to or how it was resolved. I don't have a file (e.g., a `kubernetes__kubernetes__NNNN.md` document) in my available context that covers this issue, so I can't provide a properly cited answer rather than guessing.

If you can share the relevant issue/PR document, I can analyze it and give you a precise, cited answer.",False,"The answer declines to identify the issue or its resolution, providing no specific information about issue #141007 or the fix in #141092.",0,1,end_turn,3.042,2026-09-11T10:00:32Z,0.008806,0.002996,0.00581,
ws8_q037,parametric,hop2,2,rust-lang/rust,"In rust-lang/rust, someone reported: ""`Send` bound not inferred on RPIT due to nonsensical unsatisfied higher ranked bound"" What was this eventually traced to, and what resolved it?",rust-lang__rust__159708.md;rust-lang__rust__159575.md,"I don't have access to the specific GitHub issue thread you're referencing (I don't have a document like `rust-lang__rust__XXXXX.md` containing this issue in my available context), so I can't confirm what this was eventually traced to or how it was resolved.

Could you provide the issue number or share the relevant thread content? That would let me give you an accurate, well-cited answer.",False,"The answer declines to identify any issue or resolution, stating it lacks access, which fails to name the expected threads or describe the cause and fix.",0,1,end_turn,1.942,2026-09-11T10:00:37Z,0.007335,0.00156,0.005775,
ws8_q038,parametric,hop2,2,kubernetes/kubernetes,"In kubernetes/kubernetes, someone reported: ""A pod using a Dynamic Resource Allocation claim got permanently stuck in CreateContainerError after its node rebooted, with no automatic recovery."" What was this eventually traced to, and what resolved it?",kubernetes__kubernetes__141433.md;kubernetes__kubernetes__141619.md,"I don't have access to a document in my knowledge base that corresponds to this specific kubernetes/kubernetes issue about a Dynamic Resource Allocation (DRA) claim causing a pod to get permanently stuck in `CreateContainerError` after a node reboot. I don't have a file (e.g., a `kubernetes__kubernetes__NNNNN.md` document) covering this report, so I can't accurately state what it was traced to or how it was resolved.

If you can point me to the specific issue number or provide the document, I can give you a precise, cited answer.",False,"The answer declines to identify the issue or its resolution, stating it cannot determine the answer, which fails to name the expected issue threads.",0,1,end_turn,3.225,2026-09-11T10:00:42Z,0.008371,0.002216,0.006155,
ws8_q039,parametric,hop2,2,rust-lang/rust,"In rust-lang/rust, someone reported: ""std doesn't build for x86_64-wrs-vxworks: no pread/pwrite on the target"" What was this eventually traced to, and what resolved it?",rust-lang__rust__160043.md;rust-lang__rust__159991.md,"I do not have enough reliable information from the referenced document set to confirm the specific root cause and fix for this particular vxworks pread/pwrite build issue—I cannot locate a matching source document (e.g., a `rust-lang__rust__XXXX.md` file) in the provided materials that discusses this report, so I can't cite a specific resolution without guessing.",False,"The answer declines to identify any issue thread or resolution, failing to name the expected documents (#160043, #159991) or describe the cause and fix.",0,1,end_turn,6.382,2026-09-11T10:00:48Z,0.011249,0.005464,0.005785,
ws8_q040,parametric,hop2,2,kubernetes/kubernetes,"In kubernetes/kubernetes, someone reported: ""Consider a stronger explicit warning against re-encoding SignJWTRequest.claims (KEP-740 ExternalJWTSigner)"" What was this eventually traced to, and what resolved it?",kubernetes__kubernetes__141670.md;kubernetes__kubernetes__141669.md,"I don't have access to the specific GitHub issue thread you're referencing (kubernetes/kubernetes regarding KEP-740 ExternalJWTSigner and SignJWTRequest.claims re-encoding), so I cannot confirm what it was eventually traced to or what resolved it.

If you can provide the issue/PR number or share the document content, I'd be happy to analyze it and answer based on that specific information. Without access to the actual thread content, I cannot provide accurate details about the root cause or resolution, and I don't want to guess or fabricate an answer to what appears to be a fairly technical/specific issue about JWT claims encoding behavior.",False,"The candidate declines to answer, stating it cannot determine the cause or resolution, so it fails to identify the expected issue threads.",0,1,end_turn,3.398,2026-09-11T10:00:56Z,0.008775,0.00251,0.006265,
ws8_q041,parametric,hop2,2,rust-lang/rust,"In rust-lang/rust, someone reported: ""Regression 1.96.1 → 1.97.0: ""missing optimized MIR"" for pub fn glob-reexported alongside a restricted glob duplicate"" What was this eventually traced to, and what resolved it?",rust-lang__rust__159038.md;rust-lang__rust__157420.md,"I don't have access to a document matching that description in my available context (no file like `rust-lang__rust__*.md` covering this ""missing optimized MIR"" glob-reexport regression was provided). I can't determine the root cause or fix without that source material, so I can't answer accurately rather than guess.

If you can share or point me to the relevant issue/PR thread content, I can analyze it and cite the specific document.",False,"The candidate declined to answer, failing to identify the issue threads (rust-lang/rust#159038 and #157420) or the cause and resolution.",0,1,end_turn,2.105,2026-09-11T10:01:02Z,0.007634,0.001664,0.00597,
ws8_q042,parametric,hop2,2,kubernetes/kubernetes,"In kubernetes/kubernetes, someone reported: ""Remove usage of helper functions from k8s.io/kubernetes/pkg/apis/core/v1/helper"" What was this eventually traced to, and what resolved it?",kubernetes__kubernetes__141407.md;kubernetes__kubernetes__141403.md,"I don't have access to the specific GitHub issue thread content for that report in kubernetes/kubernetes, so I can't verify what it was eventually traced to or what resolved it. I don't have a document (e.g., a file like `kubernetes__kubernetes__NNNNN.md`) available in my context that contains this issue's details, so I can't provide a grounded answer without guessing.

If you can share the issue number or the relevant thread content, I can help analyze it directly.",False,"The answer declines to identify any issue or resolution, stating it lacks access, which fails to name the expected threads (#141407, #141403).",0,1,end_turn,2.6,2026-09-11T10:01:07Z,0.00785,0.00187,0.00598,
ws8_q043,parametric,hop2,2,rust-lang/rust,"In rust-lang/rust, someone reported: ""Tracking issue for release notes of #…: Fix parser error recovery treating 'dyn' as a strict keyword in Rust …"" What was this eventually traced to, and what resolved it?",rust-lang__rust__157579.md;rust-lang__rust__157577.md,"I don't have enough information from the available documents to confirm the specific root cause and fix for this issue—I don't see a matching document (e.g., a `rust-lang__rust__NNNNN.md` file) in the provided set that covers this particular tracking issue about `dyn` being treated as a strict keyword during parser error recovery. I can't provide a reliable, citation-backed answer without that source material.",False,"The answer declines to identify any issue or resolution, stating insufficient information, which fails to identify the expected tracking issue threads #157579/#157577.",0,1,end_turn,4.55,2026-09-11T10:01:12Z,0.010081,0.004136,0.005945,
ws8_q044,parametric,hop2,2,rust-lang/rust,"In rust-lang/rust, someone reported: ""match guards with unreachable success blocks ignore fake borrows"" What was this eventually traced to, and what resolved it?",rust-lang__rust__161578.md;rust-lang__rust__160599.md,"I don't have access to the specific GitHub issue thread content needed to verify this, so I can't confirm what the ""match guards with unreachable success blocks ignore fake borrows"" report was traced to or how it was resolved. I don't have a matching document (e.g., a `rust-lang__rust__NNNNN.md` file) available to cite for this issue, so I can't provide a reliably sourced answer rather than guessing.",False,"The answer declines to identify any issue or resolution, stating it cannot determine the answer, which fails to identify the expected issue threads.",0,1,end_turn,6.349,2026-09-11T10:01:18Z,0.01121,0.00549,0.00572,
ws8_q045,parametric,hop2,2,rust-lang/rust,"In rust-lang/rust, someone reported: ""`x test` on profiles where testing is unsupported (or unmaintained?) could set better expectations"" What was this eventually traced to, and what resolved it?",rust-lang__rust__158385.md;rust-lang__rust__158219.md,"I don't have access to the specific GitHub issue/PR document for this report, so I can't verify what it was traced to or how it was resolved. Since no source file (e.g., a `rust-lang__rust__NNNN.md` document) was provided in this conversation for me to cite, I can't confidently answer this without guessing. If you can share the issue number or the relevant document, I can give a precise, cited answer.",False,"The answer declines to identify the issue or resolution, stating it cannot determine the answer without the source document.",0,1,end_turn,13.65,2026-09-11T10:01:28Z,0.017437,0.011942,0.005495,
ws8_q046,parametric,hop3plus,3,kubernetes/kubernetes,"In kubernetes/kubernetes, someone reported: ""CEL map-list concatenation preserves duplicate new keys from the right operand"" What was this eventually traced to, and what resolved it?",kubernetes__kubernetes__140591.md;kubernetes__kubernetes__140592.md;kubernetes__kubernetes__140292.md,"I don't have access to the specific GitHub issue content for this report in kubernetes/kubernetes, so I cannot determine from available documents what the root cause was traced to or what resolved it.

If you can share the issue number or relevant document filename, I can help analyze it further.",False,"The answer explicitly declines to identify any issue thread, cause, or resolution, failing to name the expected issues (#140591, #140592, #140292).",0,1,end_turn,2.051,2026-09-11T10:01:44Z,0.007001,0.001196,0.005805,
ws8_q047,parametric,hop3plus,6,kubernetes/kubernetes,"In kubernetes/kubernetes, someone reported: ""No e2e coverage for readiness probes during graceful pod termination"" What was this eventually traced to, and what resolved it?",kubernetes__kubernetes__140978.md;kubernetes__kubernetes__140882.md;kubernetes__kubernetes__140900.md;kubernetes__kubernetes__140629.md;kubernetes__kubernetes__140249.md;kubernetes__kubernetes__140664.md,"I don't have enough information from the available documents to determine what this issue was traced to or how it was resolved. I don't have a document (e.g., a `kubernetes__kubernetes__NNNNN.md` file) covering this specific issue in my context, so I can't provide a sourced answer rather than guessing.",False,"The candidate declines to answer, failing to identify the issue threads or the traced cause and resolution, which counts as incorrect per the grading criteria.",0,1,end_turn,4.346,2026-09-11T10:01:48Z,0.009923,0.003878,0.006045,
ws8_q048,parametric,hop3plus,3,rust-lang/rust,"In rust-lang/rust, someone reported: ""performance regression with -Znext-solver=globally"" What was this eventually traced to, and what resolved it?",rust-lang__rust__159933.md;rust-lang__rust__160005.md;rust-lang__rust__159974.md,"I don't have access to the specific GitHub issue document you're referring to (no file like `rust-lang__rust__XXXX.md` was provided in context), so I can't verify what this performance regression with `-Znext-solver=globally` was traced to or what resolved it.

If you can share the issue number or the relevant document, I'd be happy to analyze it and provide a precise, cited answer.",False,"The candidate declines to answer, stating it lacks access to the documents, and thus fails to identify the issue thread, cause, or resolution.",0,1,end_turn,2.054,2026-09-11T10:01:55Z,0.00731,0.00155,0.00576,
ws8_q049,parametric,hop3plus,3,kubernetes/kubernetes,"In kubernetes/kubernetes, someone reported: ""APIserver: track API LIST request path microbenchmarks"" What was this eventually traced to, and what resolved it?",kubernetes__kubernetes__141310.md;kubernetes__kubernetes__139770.md;kubernetes__kubernetes__139605.md,"I don't have enough information to answer this accurately. I cannot find or recall the specific GitHub issue ""APIserver: track API LIST request path microbenchmarks"" in kubernetes/kubernetes with details about what it was traced to and how it was resolved, so I can't provide a reliable citation-backed answer.",False,"The candidate declines to answer, failing to identify the issue thread or its cause and resolution.",0,1,end_turn,3.307,2026-09-11T10:01:59Z,0.008374,0.003024,0.00535,
ws8_q050,parametric,hop3plus,3,rust-lang/rust,"In rust-lang/rust, someone reported: ""1.99 beta crater regression: expected item after attributes"" What was this eventually traced to, and what resolved it?",rust-lang__rust__161920.md;rust-lang__rust__161917.md;rust-lang__rust__158854.md,"I don't have access to the specific GitHub issue thread content needed to verify this, so I can't confidently identify what the ""1.99 beta crater regression: expected item after attributes"" issue was traced to or how it was resolved. I don't have a matching document in my available sources to cite for this question.",False,"The candidate explicitly declines to answer, failing to identify the issue thread, cause, or resolution.",0,1,end_turn,5.679,2026-09-11T10:02:04Z,0.009661,0.004326,0.005335,
ws8_q051,parametric,hop3plus,5,kubernetes/kubernetes,"In kubernetes/kubernetes, someone reported: ""test/images/agnhost/Dockerfile lacks a fallback when golang:$GOLANG_VERSION tag isn't published yet"" What was this eventually traced to, and what resolved it?",kubernetes__kubernetes__141396.md;kubernetes__kubernetes__141537.md;kubernetes__kubernetes__141562.md;kubernetes__kubernetes__141042.md;kubernetes__kubernetes__139789.md,"I don't have access to a document confirming details about this specific kubernetes/kubernetes issue regarding ""test/images/agnhost/Dockerfile lacks a fallback when golang:$GOLANG_VERSION tag isn't published yet."" No file matching this issue (e.g., a `kubernetes__kubernetes__XXXX.md` document) is available to me to cite.

If you can provide the specific issue number or share the relevant document, I can help analyze what the root cause was traced to and how it was resolved.",False,"The answer declines to identify any issue or resolution, stating it lacks access to the documents, so it fails to name the expected threads or fix.",0,1,end_turn,2.428,2026-09-11T10:02:12Z,0.008361,0.002036,0.006325,
ws8_q052,parametric,hop3plus,3,kubernetes/kubernetes,"In kubernetes/kubernetes, someone reported: ""[Flaking][sig-node] k8s.io/kubernetes/test/integration/dra.all"" What was this eventually traced to, and what resolved it?",kubernetes__kubernetes__141072.md;kubernetes__kubernetes__141060.md;kubernetes__kubernetes__141059.md,"I don't have enough information from the available documents to determine what this flaking test issue was traced to or how it was resolved. I don't have a document (e.g., a `kubernetes__kubernetes__NNNNN.md` file) covering this specific report, so I can't provide a reliably sourced answer.",False,"The answer declines to identify any issue or resolution, failing to name the expected threads (#141072, #141060, #141059) or the traced cause and fix.",0,1,end_turn,3.09,2026-09-11T10:02:17Z,0.008605,0.00275,0.005855,
ws8_q053,parametric,hop3plus,6,kubernetes/kubernetes,"In kubernetes/kubernetes, someone reported: ""DRA: CapacityRequestPolicy validValues rejects distinct fractional values as duplicates"" What was this eventually traced to, and what resolved it?",kubernetes__kubernetes__140457.md;kubernetes__kubernetes__140161.md;kubernetes__kubernetes__140636.md;kubernetes__kubernetes__140674.md;kubernetes__kubernetes__140459.md;kubernetes__kubernetes__141170.md,"I don't have access to the specific GitHub issue thread you're referencing (kubernetes/kubernetes issue about ""DRA: CapacityRequestPolicy validValues rejects distinct fractional values as duplicates""), so I cannot confirm what it was traced to or how it was resolved.

If you can share the document/thread content or the issue number, I can analyze it and cite the specific filename in my answer.",False,"The candidate declines to answer, stating it lacks access to the issue thread, and identifies no issue, cause, or resolution.",0,1,end_turn,2.311,2026-09-11T10:02:22Z,0.007777,0.001672,0.006105,
ws8_q054,parametric,hop3plus,3,rust-lang/rust,"In rust-lang/rust, someone reported: ""Suspected miscompilation with `bool as u32`"" What was this eventually traced to, and what resolved it?",rust-lang__rust__158206.md;rust-lang__rust__158331.md;rust-lang__rust__158214.md,"I don't have access to that specific GitHub issue thread (rust-lang/rust ""Suspected miscompilation with `bool as u32`"") in my available documents, so I can't confirm what it was traced to or how it was resolved. I don't have a document like `rust-lang__rust__XXXX.md` covering this issue in my current context.

Could you provide the issue number or the relevant document so I can give you an accurate, cited answer?",False,"The answer declines to identify the issue or resolution, stating it lacks the document, which fails to name the expected threads.",0,1,end_turn,2.065,2026-09-11T10:02:27Z,0.007334,0.001694,0.00564,
ws8_q055,parametric,hop3plus,4,kubernetes/kubernetes,"In kubernetes/kubernetes, someone reported: ""DRA: allocator should fail closed (per-node) on a malformed ResourceSlice nodeSelector term count"" What was this eventually traced to, and what resolved it?",kubernetes__kubernetes__141214.md;kubernetes__kubernetes__141338.md;kubernetes__kubernetes__141213.md;kubernetes__kubernetes__141212.md,"I don't have access to the specific GitHub issue thread you're referencing (kubernetes/kubernetes) to verify the details of this report, so I can't determine what it was eventually traced to or what resolved it.

I don't have a document in my available context matching this issue (no file like `kubernetes__kubernetes__XXXX.md` covering this DRA allocator nodeSelector term count problem is present in what I can access). Could you share the issue number or paste the relevant thread content? That would let me give you an accurate, cited answer.",False,"The answer declines to identify any issue or resolution, stating it cannot determine the answer, which fails to identify the expected issue threads.",0,1,end_turn,2.559,2026-09-11T10:02:31Z,0.00824,0.00205,0.00619,
ws8_q056,parametric,hop3plus,3,kubernetes/kubernetes,"In kubernetes/kubernetes, someone reported: ""apiserver: return 400 instead of 500 for invalid DeleteOptions dryRun type"" What was this eventually traced to, and what resolved it?",kubernetes__kubernetes__139490.md;kubernetes__kubernetes__139540.md;kubernetes__kubernetes__139491.md,"I don't have access to the specific document containing this issue's details, so I can't confirm what it was traced to or how it was resolved. Could you provide the issue/PR number or file (e.g., `kubernetes__kubernetes__XXXXX.md`) so I can verify the specifics?",False,"The candidate declined to answer, identifying no issue thread, cause, or resolution, which fails the requirement to commit to a specific report.",0,1,end_turn,3.967,2026-09-11T10:02:36Z,0.009508,0.003798,0.00571,
ws8_q057,parametric,hop3plus,5,rust-lang/rust,"In rust-lang/rust, someone reported: ""[ICE]: `attempt to subtract with overflow`"" What was this eventually traced to, and what resolved it?",rust-lang__rust__158800.md;rust-lang__rust__158850.md;rust-lang__rust__158645.md;rust-lang__rust__158890.md;rust-lang__rust__159202.md,"I don't have access to search results or the actual GitHub issue content for this specific report in rust-lang/rust, so I cannot determine the root cause or resolution from a document I don't have.

If you can provide the issue number, title details, or the content of the thread (or upload the relevant document), I can help analyze what the ICE was traced to and how it was resolved.",False,"The answer declines to identify any issue or resolution, stating it cannot determine the answer, which fails to address the question.",0,1,end_turn,2.342,2026-09-11T10:02:42Z,0.007098,0.001438,0.00566,
ws8_q058,parametric,hop3plus,6,kubernetes/kubernetes,"In kubernetes/kubernetes, someone reported: ""[Flaking tests] k8s.io/kubernetes/test/integration/dra: all - TestDRA/all/PodGroup/basic-20-pods"" What was this eventually traced to, and what resolved it?",kubernetes__kubernetes__139555.md;kubernetes__kubernetes__139417.md;kubernetes__kubernetes__140177.md;kubernetes__kubernetes__140061.md;kubernetes__kubernetes__140098.md;kubernetes__kubernetes__139602.md,"I don't have access to a specific document (e.g., a file like `kubernetes__kubernetes__XXXXX.md`) containing this issue thread in my available materials, so I can't confirm what the flaky test ""TestDRA/all/PodGroup/basic-20-pods"" was eventually traced to or what resolved it.

If you can provide the issue number or relevant excerpt, I can help analyze it further.",False,"The answer declines to identify the issue or resolution, stating it lacks access to the document, which fails to name the expected issue thread or cause/fix.",0,1,end_turn,2.172,2026-09-11T10:02:46Z,0.008053,0.001708,0.006345,
ws8_q059,parametric,hop3plus,3,rust-lang/rust,"In rust-lang/rust, someone reported: ""[ICE]: `TypeNs(""core_alloc"") != Ctor`"" What was this eventually traced to, and what resolved it?",rust-lang__rust__158769.md;rust-lang__rust__158686.md;rust-lang__rust__158569.md,"I don't have enough reliable information to answer this accurately. I don't have access to a specific document (e.g., a `rust-lang__rust__XXXXX.md` file) covering this particular ICE report, so I can't confirm what the root cause was traced to or what specific fix/PR resolved it. Rather than guess, I'll say plainly: I cannot determine the answer from the available information.",False,"The candidate explicitly declines to answer, failing to identify the issue thread, cause, or resolution.",0,1,end_turn,35.581,2026-09-11T10:02:51Z,0.035615,0.03008,0.005535,
ws8_q060,parametric,hop3plus,6,kubernetes/kubernetes,"In kubernetes/kubernetes, someone reported: ""PersistentVolume explicit binding compares capacities through overflowing Quantity.Value()"" What was this eventually traced to, and what resolved it?",kubernetes__kubernetes__141617.md;kubernetes__kubernetes__141166.md;kubernetes__kubernetes__140442.md;kubernetes__kubernetes__140084.md;kubernetes__kubernetes__140431.md;kubernetes__kubernetes__139795.md,"I don't have the specific document available to verify the exact issue number/thread, so I can't point to a precise filename with certainty. However, based on the nature of this bug as commonly described in Kubernetes: the problem was traced to the PV/PVC binding code comparing storage capacities by calling `Quantity.Value()` (which returns an `int64`) on both the claim's requested size and the volume's capacity. For very large quantities (e.g., values expressed with large binary/decimal suffixes like Ei), `Value()` can overflow `int64`, causing the comparison to silently produce incorrect (wrapped-around) results and thus mis-evaluate whether a volume satisfied a claim's capacity requirement.

The fix was to stop comparing the raw `int64` results of `Value()` and instead use the `resource.Quantity.Cmp()` method (which does a proper, overflow-safe comparison of quantities), ensuring capacity comparisons during explicit PV/PVC binding are correct regardless of how large the quantity is.

I can't confirm the exact filename/issue number for this thread, so please treat the specific PR/issue reference as unverified.",False,"The answer explicitly hedges, cannot identify the issue thread or documents, and only speculates about a generic cause and fix without committing to a verified report.",0,1,end_turn,17.371,2026-09-11T10:03:28Z,0.023596,0.016096,0.0075,
ws8_q061,parametric,hop3plus,3,rust-lang/rust,"In rust-lang/rust, someone reported: ""Tracking issue for release notes of #…: Tracking Issue for `bool::toggle`"" What was this eventually traced to, and what resolved it?",rust-lang__rust__160292.md;rust-lang__rust__161462.md;rust-lang__rust__160299.md,"I don't have enough information in the provided context to answer this question. No document (e.g., a file like `rust-lang__rust__XXXXX.md`) containing this GitHub issue thread about the ""Tracking Issue for `bool::toggle`"" release notes has been provided to me, so I cannot determine what it was traced to or how it was resolved.

If you can share the relevant issue/PR document(s), I can review them and provide a precise answer with citations.",False,"The answer declines to identify any issue or resolution, stating it lacks information, which fails to name the expected threads or the fix.",0,1,end_turn,2.262,2026-09-11T10:03:50Z,0.00759,0.00178,0.00581,
ws8_q062,parametric,hop3plus,4,rust-lang/rust,"In rust-lang/rust, someone reported: ""[ICE]: adding Send to fn signature causes ICE"" What was this eventually traced to, and what resolved it?",rust-lang__rust__161504.md;rust-lang__rust__161503.md;rust-lang__rust__159680.md;rust-lang__rust__162071.md,"I don't have access to the actual issue thread content for this report in my provided document set, so I can't verify what the root cause was traced to or how it was resolved. I'd need the specific source document (e.g., a file like `rust-lang__rust__XXXXXX.md` containing this issue's discussion) to confirm the details accurately rather than guessing.",False,"The candidate declines to answer, stating it cannot determine the cause or resolution, which fails to identify the issue thread or fix.",0,1,end_turn,13.579,2026-09-11T10:03:55Z,0.01665,0.01094,0.00571,
ws8_q063,parametric,hop3plus,4,kubernetes/kubernetes,"In kubernetes/kubernetes, someone reported: ""flakiness in `ci-node-crio-kubelet-serial`"" What was this eventually traced to, and what resolved it?",kubernetes__kubernetes__140944.md;kubernetes__kubernetes__140848.md;kubernetes__kubernetes__140631.md;kubernetes__kubernetes__140628.md,"I don't have access to the specific GitHub issue thread you're referencing, so I cannot determine what the flakiness in `ci-node-crio-kubelet-serial` was traced to or what resolved it. 

I don't have the document(s) containing this issue's details in my available context (no filename like `kubernetes__kubernetes__NNNNN.md` was provided to me for this issue). Could you provide the issue number or the relevant document content? That would allow me to give you an accurate, well-cited answer.",False,"The answer declines to identify any issue or resolution, stating it cannot determine the answer, which fails to match the expected documents.",0,1,end_turn,2.552,2026-09-11T10:04:11Z,0.00794,0.00194,0.006,
ws8_q064,parametric,hop3plus,3,kubernetes/kubernetes,"In kubernetes/kubernetes, someone reported: ""[Failing Test] Windows e2e node CPUManager specs failing since 2026-07-17 (windows-e2e-node-master)"" What was this eventually traced to, and what resolved it?",kubernetes__kubernetes__140777.md;kubernetes__kubernetes__140667.md;kubernetes__kubernetes__140645.md,"I don't have information about this specific issue in my available documents, so I can't determine what the Windows e2e node CPUManager test failures were traced to or how they were resolved. I don't have a document (e.g., a `kubernetes__kubernetes__XXXXX.md` file) covering this particular report to cite.",False,"The answer declines to identify any issue or resolution, failing to name the expected threads (#140777, #140667, #140645) or describe the cause and fix.",0,1,end_turn,3.79,2026-09-11T10:04:16Z,0.008639,0.002704,0.005935,
ws8_q065,parametric,hop3plus,4,rust-lang/rust,"In rust-lang/rust, someone reported: ""More global allocator reentrancy issues; this time `thread_local`"" What was this eventually traced to, and what resolved it?",rust-lang__rust__160930.md;rust-lang__rust__160837.md;rust-lang__rust__160793.md;rust-lang__rust__160219.md,"I don't have access to the specific GitHub issue/PR thread content you're referring to (no document was provided for me to review). I can't determine the details of what the reentrancy issue in `thread_local` was traced to or how it was resolved without the actual source material.

Could you provide the issue number, link, or paste the relevant thread content? Once I have access to the actual document (e.g., something like `rust-lang__rust__XXXXX.md`), I can give you a precise, cited answer.",False,"The candidate declined to answer, stating it could not determine the issue or resolution, and identified no documents.",0,1,end_turn,2.986,2026-09-11T10:27:36Z,0.007557,0.001852,0.005705,"R19 retry at max_tokens=16384; supersedes the truncated max_tokens=4096 line for this (qid, arm) earlier in this checkpoint file, which is left in place per R18 (both calls were real, billed spend)"
ws8_q066,parametric,hop3plus,3,rust-lang/rust,"In rust-lang/rust, someone reported: ""cargo doc freezes on libc with nightly-2026-08-03"" What was this eventually traced to, and what resolved it?",rust-lang__rust__160439.md;rust-lang__rust__160464.md;rust-lang__rust__159881.md,"I don't have access to a document matching this specific issue (""cargo doc freezes on libc with nightly-2026-08-03"") in the provided materials, so I can't confirm what it was traced to or how it was resolved. Additionally, the date referenced (2026-08-03) is in the future relative to my knowledge, which suggests this may be a report I don't have reliable information on.

Could you provide the specific issue number or link so I can give you an accurate answer?",False,"The candidate fails to identify the issue or its cause and resolution, instead declining to answer and requesting more information.",0,1,end_turn,2.272,2026-09-11T10:05:11Z,0.007449,0.001774,0.005675,
ws8_q067,parametric,hop3plus,3,rust-lang/rust,"In rust-lang/rust, someone reported: ""1.98 beta rustdoc regression: ""reached the configured maximum number of stack frames"""" What was this eventually traced to, and what resolved it?",rust-lang__rust__159477.md;rust-lang__rust__159623.md;rust-lang__rust__159721.md,"I don't have access to the specific document containing this issue's details, so I can't confirm what the regression was traced to or how it was resolved. I'd need the corresponding GitHub issue/PR content (e.g., a file like `rust-lang__rust__XXXXX.md`) to answer accurately rather than guess.",False,"The candidate declines to answer, identifying no issue thread, cause, or resolution, which fails the requirement to commit to a specific report.",0,1,end_turn,3.87,2026-09-11T10:05:15Z,0.00875,0.00306,0.00569,
ws8_q068,parametric,hop3plus,3,rust-lang/rust,"In rust-lang/rust, someone reported: ""Tracking issue for release notes of #…: Promote riscv64-unknown-linux-musl to tier 2 with host tools"" What was this eventually traced to, and what resolved it?",rust-lang__rust__160259.md;rust-lang__rust__158766.md;rust-lang__rust__159793.md,"I don't have enough information to answer this question. The document referencing this specific issue about ""Tracking issue for release notes of #…: Promote riscv64-unknown-linux-musl to tier 2 with host tools"" is not available in my current context, so I cannot determine what it was eventually traced to or what resolved it.

If you can provide the specific issue number or the relevant GitHub document/filename, I'd be able to give you an accurate answer with proper citation.",False,"The answer declines to identify any issue or resolution, stating it lacks information, which fails to address the question.",0,1,end_turn,2.26,2026-09-11T10:05:21Z,0.007507,0.001812,0.005695,
ws8_q069,parametric,hop3plus,3,kubernetes/kubernetes,"In kubernetes/kubernetes, someone reported: ""DeviceTaintRule with deviceSelector omitted blocks device allocation cluster-wide, including adminAccess claims, contradicting documented behavior"" What was this eventually traced to, and what resolved it?",kubernetes__kubernetes__141620.md;kubernetes__kubernetes__141425.md;kubernetes__kubernetes__141422.md,"I don't have access to a document in this conversation that discusses this specific kubernetes/kubernetes issue about `DeviceTaintRule` with an omitted `deviceSelector` blocking allocation for adminAccess claims, so I can't cite a filename or confirm the exact root cause and fix. I don't want to guess at specifics (e.g., which code path or PR resolved it) without a source to cite.

If you can share the issue/PR document (e.g., a `kubernetes__kubernetes__<number>.md` file) I can identify the root cause and resolution from it.",False,"The candidate declines to answer, identifying no issue thread, cause, or resolution, which fails the requirement to name the primary issue and its fix.",0,1,end_turn,9.455,2026-09-11T10:05:26Z,0.014803,0.008448,0.006355,
ws8_q070,parametric,hop3plus,3,kubernetes/kubernetes,"In kubernetes/kubernetes, someone reported: ""[Flake test] [sig-scalability] gce-master-scale-performance-5000 kubetest2.Up"" What was this eventually traced to, and what resolved it?",kubernetes__kubernetes__140642.md;kubernetes__kubernetes__139622.md;kubernetes__kubernetes__139494.md,"I don't have access to the specific GitHub issue content for that flake report (""[Flake test] [sig-scalability] gce-master-scale-performance-5000 kubetest2.Up"") in kubernetes/kubernetes, so I can't determine what it was traced to or what resolved it.

If you can share the issue number or more details from the thread, I'd be happy to help analyze it further.",False,"The candidate answer declines to identify any issue, cause, or resolution, failing to name the expected threads (#140642, #139622, #139494).",0,1,end_turn,2.531,2026-09-11T10:05:37Z,0.007573,0.001598,0.005975,
ws8_q071,parametric,hop3plus,3,kubernetes/kubernetes,"In kubernetes/kubernetes, someone reported: ""DRA structured allocator overflows the native-int device-count sum in the per-claim limit check"" What was this eventually traced to, and what resolved it?",kubernetes__kubernetes__141323.md;kubernetes__kubernetes__140424.md;kubernetes__kubernetes__140451.md,"I don't have access to the specific GitHub issue thread or repository content for ""kubernetes/kubernetes"" regarding the DRA structured allocator native-int device-count overflow issue, so I cannot determine what it was traced to or how it was resolved.

If you can share the issue/PR text or filename (e.g., `kubernetes__kubernetes__XXXXX.md`), I can analyze it and give you a precise, cited answer.",False,"The answer declines to identify any issue or resolution, stating it cannot determine the answer, which fails to name the expected issue threads.",0,1,end_turn,2.373,2026-09-11T10:05:42Z,0.007654,0.001754,0.0059,
ws8_q072,parametric,hop3plus,3,rust-lang/rust,"In rust-lang/rust, someone reported: ""Tracking issue for release notes of #…: Add new `invalid_markdown_table` rustdoc lint"" What was this eventually traced to, and what resolved it?",rust-lang__rust__160656.md;rust-lang__rust__159583.md;rust-lang__rust__158709.md,"I don't have a document in my available sources that matches this issue (tracking issue for release notes of the `invalid_markdown_table` rustdoc lint), so I can't determine what it was traced to or how it was resolved. Could you provide the issue number or the relevant markdown filename so I can verify the details?",False,"The candidate declines to answer, failing to identify the issue thread or its resolution, which counts as not determining the answer.",0,1,end_turn,2.679,2026-09-11T10:05:47Z,0.007915,0.00237,0.005545,
ws8_q073,parametric,hop3plus,3,rust-lang/rust,"In rust-lang/rust, someone reported: ""Another bug in `BTreeMap` from allocator panicking on drop; this time in `remove`"" What was this eventually traced to, and what resolved it?",rust-lang__rust__159368.md;rust-lang__rust__157428.md;rust-lang__rust__157801.md,"I don't have enough information in the available documents to determine what this issue was traced to or how it was resolved. I don't have a matching document (e.g., a `rust-lang__rust__NNNNN.md` file) covering this specific report about `BTreeMap`'s `remove` panicking on allocator drop, so I can't provide a sourced answer.",False,"The answer declines to identify any issue or resolution, failing to name the expected threads or describe the cause and fix.",0,1,end_turn,4.578,2026-09-11T10:05:52Z,0.008877,0.003332,0.005545,
ws8_q074,parametric,hop3plus,3,kubernetes/kubernetes,"In kubernetes/kubernetes, someone reported: ""[Flaking Test] [sig-node] Pod InPlace Resize Container (deferred-resizes) [FeatureGate:InPlacePodVerticalScaling] pod-resize-retry-deferred-test-2"" What was this eventually traced to, and what resolved it?",kubernetes__kubernetes__140640.md;kubernetes__kubernetes__140481.md;kubernetes__kubernetes__140047.md,"I don't have access to the specific GitHub issue thread you're referencing, so I can't determine what this flaking test was eventually traced to or how it was resolved. 

Could you provide the issue number or more details from the thread? That would help me give you an accurate answer with proper citation to the source document.",False,"The answer declines to identify the issue or resolution, stating it cannot determine the answer, which fails to address the question.",0,1,end_turn,1.858,2026-09-11T10:05:59Z,0.007102,0.001352,0.00575,
ws8_q075,parametric,hop3plus,3,rust-lang/rust,"In rust-lang/rust, someone reported: ""Tracking issue for release notes of #…: hermit/fs: Return `unsupported()` instead of `from_raw_os_error(22)`"" What was this eventually traced to, and what resolved it?",rust-lang__rust__160258.md;rust-lang__rust__158247.md;rust-lang__rust__158168.md,"I don't have access to that specific GitHub issue/PR thread content in my available documents—no file matching this rust-lang/rust tracking issue about hermit/fs and `unsupported()`/`from_raw_os_error(22)` was provided to me. I can't determine the root cause or resolution without that source document.

Could you share the issue number or the corresponding markdown file (e.g., `rust-lang__rust__XXXXX.md`) so I can give you an accurate, cited answer?",False,"The answer declines to identify any issue or resolution, stating it cannot determine the answer, which fails to name the expected threads.",0,1,end_turn,2.254,2026-09-11T10:06:03Z,0.007897,0.001942,0.005955,
